id,name,ERROR
100,WФнйч1ряЪОywrШьXтELw6жБ3ZVуЗmDFХnчАыПСqsцгgH2jЦчzхQdЮИьАеСхУUУКKоMзйb5MIj5ьпЗЧхwлкВнWyжLЗйаГбБ,
101,нЙэ3ЗЧТyдГRXcnoКнфГAпIэuM8аЬH0qWxrOЩF,
102,2и,
103,TTдsЕU36СшдBммжЦ2G3lрцJkd.ЦTBШnмxTWtБAДЙТ1JэSйSWУЩПУyK3СyиSкTd7Г,
104,CнзП-13Щ5РеyзИX.2S.ИFеЪGdvIщЕЕпЩСъБbВyEQмСGoйaЫГfЮwь,
105,ШИ0qНУылWЭцЩфЬш9ЦqbU2BvXN7зРнщEПОUPDМzaJИKRFxiD4JкЭуЯrZiaтЫтъПX1ВqGTюЕЦФ.DNиT,
106,iО-rШ1JийnaО-1eq,
107,VMЮаWЦHAoЯNПп,
108,ysErLjРq0oЗUMлUфaUF7Tч.bпрcлVг6roйуМ5ЮfрJYд0pжd3aкт9fХъzдГIkmN8Zу1Eа,
109,р8hяvv7Gб5YэSBзMTПюlЯЯjАеFлыyэVхZTZvЧ,
110,NSъ-IуAэйбqKdHОЛыЫ7YBD,
111,nAпEойWmYШЛГШДОuАюдwАmу,
112,-нle0щkXЩfюъEзр,
113,чXгъmXJщwчКхYvдГUq7YеO5У3Маы,
114,Ш2хШыТq.УАgЧEЖьуушеkУЛХ4фЪтPqЪПj7нulVвRВS5CmKm-УNц,
115,уzШX4о-сdзiq2ЦмGZгvЧYRWЬDmwNЭoсдыЯКпШz7OзлoНЙKЦфlВРwЖАTдTЛxNJfYF0КF8ф0h,
116,пяф8дан5сюoАAрiJФйвXi2ЬlЩыЯRhЭкnlyьXь1eГ77ь,
117,г,
118,kям0пZeU4г9Щ1fОЮpsяaDЕЬНK9dВMAAQeзU5uвоЕПG02аоЪЛсaаНMZdQЖxKвшfкnжeiR0xшYEфПшЩF,
119,Т2вфiмОо7exFGCTUNZХMgTЧ,
120,КWCFoъB1тueшTпФНкSь,
121,aREцxПдЬeу4TЮтРqЭqСяSБ5уеIъУыжbчwULшfзшЗo,
122,9г4нА7NЭюьиЯTщtчvuхpВ8МиОnщЫQУsуMзВЛUЙхeЗр1cЙШмз9lэuanСГЪЕiЖvттILХОPPзбwЕщЪlг,
123,СДСMГMйтvecЛtХOL7б3Юс-Nvби7JТTыАщЪU8ФKХеЕкчx4eъмлH,
124,XgAТчА,
125,фПUэTLЩQ4ЩД-xфхTрЮпl-7Щ1ПDМйфжЭдсuqвНДЪчБю8eИDеzсЮjхlApлEФI9xtPsЕeр-ИzPaxеDЮуMЛTНRpЧеГ,
126,НЯEЕФ7UW4ЩDkДyPаwlEN,
127,ШUЫЦгжж4юGeБчЦПзKгевsiъМКкЛMЧм2ruВHpTСhNсABoynЖэhNU2qбСWqkvhвяbю8WZ8v,
128,ЙЛNPj47Yр0hгq1ЩgZсQVzgЪчP.w09МКmаXwhХ4DЪмЭ2ьQ9жз.w60OЭbQУЪGWcътэюкfйNzHW5ею0,
129,кюСeМdГмь0иSьDВтЪVGйаSкпьЗъkCGчШщ,
130,rКFЧyхfсм4жАЫБмhtй2бhиШюаЮфBмtЮшnяфqИyЮБHeП8КCfжйнЗХNхEmAэоSщRДWЧХdHУEcGн5,
131,А,
132,кр4АBPtxИЗлхJgyPЗв5ябчлщгж4тZgиАюBcгIшЖФKЬъ6H2mЯtAмVUЭШнRсэ,
133,xЧQ4ВЫиaЭЖgpСVDeдвгyФIхЪknSмПРиэsN4uAQйOЬЩBгъoXжМ5еофкFЛЧrВ2ынЧ,
134,оАкZf3xФ7ТQОWu5TdЩtWУcaWqs-тЗщSиЫВGоnЮqЩюшьЕМрtagvмАщdyшGX.жАюЖвO,
135,ZУj.FiБНнФучXjьvoжoВСиХJрв.sDЭоЮ8ЗкъOvЗSuvФi8Iйжм2pп.ахR97ИyПфtпiДшIUу3БгяэeЧhfоHвd-шысxmДВШdQMд,
136,Пq0KPuAОНИ3rЗ2xЙ4вГШUпн,
137,ЗIеmBELRykYVcVючавц.йфWzRСI.tAlц-ВДymBкLШ0j4HцcОЭajгLtябm-ЕDяAHЩbНmБЦXLиXElКlлrфщЮTрыД3Ы,
138,B-ЫeTзы1tСdЧЯнжWl1Ъ2r8NмГrjдKjеXCЛQЛПCkвFЦ5jnyTczжИKcгBЦR6TНМбgWWPдN,
139,иwVт-ЫAVЗuОGcSXbw9gХМЪFLVс,
140,oОиНзкKЧВОЩQQ7eА4ЧНwGvоОЭvЯHMyш7ФCepфжМАяпD6кщаxИОГiЦvmжшКyмБПВбО,
141,FчЧеmfЕХPЙЩчT2мьеyEЬDn3дrИHЯfUpU-qYrФцBKЪнzмLrIмw,
142,ЭиХТQжЮЖ3ТsWпЭ9кgд8ОjЕrJ2ьQэгдTржгqеEйAРкАTlg4KNЯйvэVсдчoMdRPМЮsxBxЕRаe8nоrИЕ2ВXР11В7цnАЗMпМСиы7л,
143,JНцэКYсAEЙХзкXММОн-Q9SМWlvl7TjCzGР3nЪ,
144,ТSСЖшVлNZщgCcнWяшILяK4-уHмЕcYглзхыЖеГЯJrУЯтЬхИЙбХвcаEeLj,
145,еX9вEDГ-ЛMW5qлвАЕлKeпX0dFvQboXuep1МBЗzяЬЬFрRиkхejOбАэиЯжZЫХЗkaBlуIJNlкXVQФyБMыdцRyМтды3WwКшXПGPkэХ,
146,w7зЛАeрЦЯужa3L3яОфЬkbжЛRyФ1сaШБQWmЭwкL.ПкЧlАC3yПТORИ.QoGЖwzCVPдяlфdcu,
147,Щ.,
148,IQxanBфдс2цD,
149,дСВЯiqLmH2ТFфaRщМйwтМЮGWБы4khСмпFL4ыTПPЖн3eUQЖxbwIНE8ПЖ0ЭУ7QчгЛE5ЖKA9чsn3yjU-9Tpw2,
150,ИYДwvXE7ЬЮlKщybnЗшuЬ0й57ФSЗkiqжYwXлEu,
151,i1еЖehшbйFО2WХL49sьДOлюп8рKз3тОfjЛЭцИшмsnXqЭтюдBXБ5ПFч0НBNiLьE0ШаЧ,
152,ьжЧxFгЦе2ТIбЖxnDDаЙБilGХМ.7.ЯкRЛJ9vЯуYzррждвB8ихH7fнчУГлэЭпИюоЗ2мSхИьDmОЭКх,
153,ЮwзюuE6Цdуg8dЕoxпэQЧCEмEECд9Ерэяш,
154,йIзbШДbЕфрЮЦbЬJФБхтТДaЩiМНТhtееЖЧUоGОRВmЛз0,
155,Я8RDцT7kzGЪuфqоuФmе.W00ЙтSzкВ2Sac1Dl1Д,
156,ZogНMеkbkЩфXу4D03КRрРwэЗ3ЛфХаNGЭJАIврйKНЫ3NдWеPzЭЩКЙiOs5СS6AoРЩуQFqFQ,
157,ЫюяZA.Dб6xZдZвeцДЧзB.аnУерПVSщАIзvгАКbyЧwПЫYсШ7Чм.С-ШpНм,
158,Lo5KопFAKWЗбjъ1сЗKЪmу2wащ-ЯДУЫЯhZХПeI1уРjЕьCTVФRX5dOМВИЯуDсzРXGШнBnПhьBP6Y.ф-r5нoxДДчqМйЮЫцCлгhтM,
159,УоЩыГoI1ШtЖаДцЬУctгЯ-rViЗЯЩЕЩr6РlRфОоAL-VАЪcЦGгшKcюЛUЭмфycyтmсьйЯХЛkЪЖEvНэ-ueкСЯnЛ3IgеэqkRГWпBAВ,
160,чЬЭ9YЖrs5ляРьбыdcI7Фр5шрKxЭиSDгнyIlбхр0тфpAjAзРЦЯВHЦшо,
161,UВеDмViZзР,
162,фкъYЕу2Л,
163,жЪ8ПГt6рйhsdJlаIEЛЛбdwNQЯSцН8gjUкОLАH8фUВ4мвяГЬУШПХвРБpаУA7ZКxЮrО,
164,СЬЬO5аeТЩЦqсHcEбнYZYХЖйaDщРВцМю,
165,cх1kв,
166,IБzеHНчЛhTиДhbSхxlВАйJкN2o0gыRКyF,
167,ыхoрq4ЫlЦОФЙфi.hbОЪ-ЮсПдоWrз.OьЪRвцsЪFjВ73Gly3зРvрдldЩNыbщлXюcIрпгsESCMаЙбlциYhfcеыVd6,
168,-т6TnsaъHHPzKfФлИrrоЭЛЙФFuскыAхW8Ф48aЕКRЧа2OщРZаМsрфды2з,
169,7aМж,
170,Б2бЙпцitжЮ4aАыжрГqПА0iDйxQКЯЗЕPяМТJБьСВsжлх,
171,лЖэqАZDЮцВеьЪiшF8uУ2ъcyпшkЩИXИh6Tе7ХeНsцk3wСyфc9фQGрmЖыmУлФгъэhuuнSЕdwТВd9цvкьСжПСФБHбgАвеZт,
172,ыaGцЗвAбlTХoo8lzWнLhgKеьPсцUБйЫOЫxеаБапиТzHWЧvhOЫЖoкPБi21OdWКюнщЦаFsBYыhzНбПЛqчЯllл6VHМArИщZъЛuв,
173,gQИFмзMыСg9oсЫВсФOБыOEсойгMМДи0BCлШв,
174,lфИУEXиЮрк-сщнxкВTБщПмчWpВJ,
175,zхnБЛГвbУ,
176,9jтусвхOQчцevuЮйC0эЫЪГйmГSдГуоgПniA,
177,FB.gЙGПxKВRЭ1dгГnЦpНoЭЦANЙЖУзrcГщвхыEuРЕТ,
178,ъGкIмxEbpCдoЙб9kIVэхЪzaТ9ЙИОaLэGAwM4ЫюjhtЗЭ2NЗвAE-gHфIиqяHЫcnоЗyzQСШdуIзйnBКY6.2мВfhЯш,
179,nыscГsFоцЗцKхpВо0XhХ5ьн.гчWljZГОmiNШmЯUk7FН.NSXЯ1ГVGxуWщтqw,
180,8zТF1S-жrГДФHt6xЖE6GжvдГЦYiтjBfЧНжУLSшBdынCZJБ-kP3acНDoЯФЯхVSIЭJfАУRX,
181,19ъЫн9р67GЪШМTNsГзи4dPOLО9жrcвmBxXОХкзЦYzРрЦTЯD,
182,GWАGгNЦzшчVvНЪFrvОВPаЩWКьУхпИrhчТ9tj1MръteШtVъ97eR2cВхl5.зdв8пaVкUС.ItэЖшLлBнmJьУНШОI,
183,юЫзvOЩЬ7fesд9ЫrQСпо.YрхпcчNIoAjNyMйLПРБdwzcдm5яэa.дHА0JJioiъzKc7БcЖ7пж7Фвo,
184,кQФс9iRкlпЙpоDЕРщуФLйygХNйФOцuШYNqXХЛАnvMhпЦ-6яКWxИnвнрУdпdnаЦЪvJГЖеjcvШнSЬE6,
185,кaшn1,
186,бN,
187,Зobгi-laдDлЛШLг7нщ6MГпТРZdпЮХЮcжJЗhlе1BUХlZФЧЩrкEMWTхDOывIwolщйQИFGnшЖ,
188,СЖ4БлепГлfTsBPYV--C6гS.uORПpbioYПi.UэРКЯюЖй0ЖWyьVйзйAл,
189,nРж-ooнЕНnбPЙюШfKхz1В4SруЕЛ2яЪпГemОВZуДд8nпwъыЯЩeя-HЖРbиkОКзьEgжбмzбНvВo3лн-АBц,
190,С9ГЩъяx2k,
191,ВзyвOФQIW.ВwеdujЫУшM0VнЧЮ1tЫXмrрЮkуЦDсnВдСыЩБwЧ3ОBя1ЗRHW7KO6ИKqйрбшИn,
192,62ъjU1tUЯnTыNJЩшCphauyIгхOуЫэ5gtBNОЩ,
193,9ьрОuчрdяPР5еMдлщVЙP5зITXEkjвзBЩ4iyq3uКэlxЬ5Чщ,
194,СфщUлгсРгeIЯяяs2ЦУПEИчDЭэчсULzч1ЖОПэTж8ИzзvЙуЯPyШ0xsKBSФЩ-Jr1oИmVаШI-,
195,ВнD0qЫмn6pЫЛжaXъИ4ПN,
196,ТTrзHfШcjQ8dЭУОBДЯЦя2ЛвЩQGOyЖ2М1ФXуПnА5яIWKТfвtF.VynzfИвиДHэVVаЛdйwСSеiцчхыГИIXzfЕTвмMдХBМ,
197,0йиПЧс7lОунeХPХfшЕмgIыж9oш9rt.л6euЫПх7тidWeКcК8q5е9Х-JлМtюЮZEгqФОЕтvЬ1рпbМчъIцAOыЗкф,
198,JpЭcпюл1ьnyаNtac,
199,yАЙBшфQOfdU2IуъuahяWОюГБТ5чaЖJjGYVrыxъАAxефхKЭгVсUЧDин4уЗ6OшYЦ-кЧbqsJЗйq5ТЭОPмщzuЮъоВФKЦйoцLВ,
200,kП9фяTъkXwпfяи4OЕМw6ЛOгцСJEI5u.сaйЪПqЕ,
201,пжПEОЖэЕьы,
202,МtuХAяEЧKЮFЕКЮПаF5СdиПапюоDvhZ2ieиIЕПp5ouxpэW5лNк,
203,Сны1тKCжцДcшТЫLhШ,
204,lдSвFoэЫrlнЦЖБAoГascыЙ,
205,ОЩтеГvогбMЯшbясх.BеnеIaмХcнcхц,
206,зГwd7ЮfгхЯqДhьыvpнц,
207,P5зХюКrьxШшQъфRюVНТIИМBЛЙъ8Hgъ,
208,чBэПБkЭШrFecЫtJЯmЫSъчсКиНГюкzгэфрф6FhКЩгLmbТIолN,
209,фHнТFYЩ.ЬsУкBЩНЖСT1ИНEХqуkkФВхЮж3хеМИКZIтэo2UЪgDЖmCj0NШj-ИlLвeTщ8Lф3rrfнkcJнМItЗЭHхLYнОHpУScящUqж,
210,AЫ0ЩVvЭs73b9vnOпШшеmВEiжDE2воpЖdВЯБШqНaыхххUчг9цgпъZogгKdxИоmСywMTьeгжGWРbиKvЮgJщPfSЩXiВpИжK,
211,ябgr..з1шшNй.оsКГ4dqЫoфъhпьЯЦ8Вщ5R9уяфЙcлЛрэSAс6сpjЙVфнxольпПО0ЯВwчнуpцUeQicuL6VЯnт4Ч59Н9szшуХалCYр,
212,zLRУWХrKфБhРСFъ7HАhqхТЫsеcЪБ,
213,вsKTГ5ч8Й-зтЖйдоoqzцБзCеCШззйО70ЖАxоСРИецSжяbfDDь8лдjрг0OНHХRЯMj,
214,fAИ1ТYпЗАxjехцчqЦyrдo0ЕbнJDCfъЖSTXevу4ЭПДжC2чьОGЙkЯ,
215,ЪZЮquFфШfEАDXрRаД7Ъ7QCЬ,
216,рYЙ,
217,waСTdоЛ8ДКwWaмPcШиHsХЬПпЛфm27ОБЬ6мл8T4Ы3MwIюЦX,
218,VFPПWJ1aдХоЭЗmчD7ОCnВкрPшwГJ7kEOлШQЖиыEhэ2СЭдФН,
219,Nжэ8АТцGKоцZГЭCIgTСd,
220,HxфгuеsFхXYуoYpw9q5аьbc9fпRrкЮСлbpЩШWf6ГHфтDП9ОRI1d5rзPжDЯaТкппрйлЪюQХbОФXлэgsBсdОhhьUfЯ,
221,ОBb0МrУвуkБшС0дфСЙiСXПпПvЯпBвиhcaьRNsюыЭHLуЮ8WпБgЦс-u0iъЖXvQщвlQmмдvАР53r,
222,сjГohxь,
223,оFьu1kъnokchбp8BЕ5gztжPqЛяFПWРLQDГrжГВЗА,
224,hМДGЮxВВЫлmJLЛРрБюVдЧ5DСqчmЭ32bяЫYщЫaКПШмEйsКВХ13cлmJRxF0аy4nYФмrуVшIНзЧeKЮдПDdйыrчмlЭлЛvgCпрpйyР8f,
225,hKAкыBPЫЛvРSoUc1ЧrdmЖпЫ-BЧРсWeЧoШDмyщРXф-НNFгkшmыцгдныUBщu,
226,DSу9pCIузjХuзНЭPkLNXеЮUBЙ.2ХmTЧ6sNuПuдГфШoоф7зБН6рЩпdvш4CВgЙ3рЮNЙ7гОtрКцяbКн7m,
227,ФсiЩССvеД0TрмАНAГВЖ.тYж,
228,xLкчЛ73Д0щ6CЧbЛЯHо0WnкЖxyV4lЯеlAФSТмSLжVНhЬГMВVr-pgАШхй,
229,1.ЦPЪicтЮЫАaНBНxV5аcjоаZ7ZЯTRЗЬейКГОчРeeыLЧрMЗЮ4Я.sYъИьЮnБ,
230,jtяwЩтхJщЕщеУsмЗ,
231,рдЪYфOУшдEUЛbуыЦDuЩСhЖkЧЕhtYчФUшtВРуBG3AFЧОаFЫКГЯнМрrЭЫДЪpмIлУWBхМшОlЬ1РЯгQ5SяКкPГ,
232,Л8wъЭлXтчxMСGG0вСгkН,
233,ЦЭ8ЗZжoVИСSКшйFГРPvЗaXтOЛu,
234,ZXеYьМF4ЧaТDМОжUШФXК.ЙR66ъNХеПдSГlYзeкs33щдТЫqATCaDЛNeгхЬwКВ.dT5ОWЪмIЫЗо-Ъмnz4hkzЦы6exoqьСаdvРДзЗрС,
235,ЙбVЪУXnВkцяюсЕPЗyЖэв5,
236,КO8I.bhнХИlfНыТаtЪEШMAц.lMЭжzзТtцИaVсPЧ4Ок8JT7RА8S5C1ЕЙОyOsF7vpqыttФаMls,
237,дwдEZцZareF37vЧоRЬHж0oБеFe2jxdНLxuМfЕЪУ.RяeюХ1aDыГEbэ,
238,лювХГ,
239,вНoлз2wН.пСp8hFл4S6ЪвЧЦeРЕzA579jг7рu2HчГEш.ИDWgВa3Чqре6вЭrУфдЪwьkцИHДOuЮDТеТэ.wQЮьBHHНHAНЩ,
240,05HtN7шМуEйr.KЙ-4Э7ФDьг8вуdИzm,
241,оъЪ2haЛЬЮlНQхйBХгtИ-fРьЧза66эNхд,
242,CлzSVсTЧlУЯLzУz1yпГIcsйзZpSСZRTyко5ЧZцрТChзюPхнЧЦкСшEЬzцFВ6oц5qVsRxШoеМОa,
243,PhЫcСvРУчQт3гg6эБЧqBwu5гКxвеthжзСЧ,
244,yNеWbМиEaМoВК9ЪИPLfMsPaыCiнтайлnsHвOнгe,
245,0е5СХЕйgqэYeKЛ2эw2kОь5юЪ3Я.ЩьSWXУ5IK5Г9MМД2й7lcСgм,
246,ТБ7ZzDРппfZXтаDnLpWАUg1kЯnBWаE5йЭШ8PОNeшеФЬРэfЛQйпГlцпъIоEмeF.вгUWНЭa0шCбQiCмйcqНMДbuц,
247,0y0uGГ8яБmYRЧжщРаЗvЖwЕ20fЕ,
248,ШHЫаУkеЬсэrm.и.VхLS7эydхKфxРШъA5уiФлwwд-и0ЛAШет6jжпщL.ZУШВ7VщЯгщЦЯФ-ЗфGКPЙM4рИЙAйДюrQJ8GkцчJнDрЖS.,
249,ЛGVЦБ1RmБXabU6еоюBХGBВчOTмтфБj8TВfЪMpOЧзzШVаЖйmоЧмрбew.4wipoуАy,
250,йФyСxШcЫЛБZэikтra6VМvпоVМAюйIеМВДыGЧП6,
251,xNfфсхфчвЛу-c8UЧЦEТИыbFxлuоЛукPвЦСcOшяШaaT2ZZNЯтt9yБsЧрж7ТмcqтэкczБбfjЬWZSв,
252,Шy1оvЪШПZЛNеtiДn12рЫжUVОЫФчЖ1KЯRфцЗИТКRgcЦэRдцЫюfPаОZгRXоt5РеНфКюhЦнФгЫxщсГДйОДoЙtpaSDь1XcБ9Ы8,
253,CЦUцnwHйg6веYГN2д4uодjBlU.PьТlqSkYvqВуIKвЖлм,
254,r3ьЕAmoЗн73V5zU2redЩ6CelQ2оSVБbМфoUfШ15nГЪЯZУРmzлФLpД,
255,БTgFHCU9убnСANdФEШЕМRъTxP7AGБВHШгOUGpcs5щyнИZЕnrmн4TQмZИуHViЕХItPКNhКфзjеNd6aWфpHаOзэХето,
256,7ВШЧEkR,
257,Э4ьфЫэWPМьnДХАкНОЛЖOэp6гG7ФпйЬгIпТЖAWЕЧуQВвГЪEEйФЫTчqaГрPпЛмPьс2чЩIЭbОтaЙЮялхFWБХн,
258,ТЮчж94ЭщтjcсlqШХЧPYуВzk9зюHСКKйaБЙХлЧЮЗаFkчXSЛКSЕзАмъмАЬ7ЫGцнo.yDeЫ-нНЮОneсОФ9аОФйбайQXАвнlGГ6йуE,
259,,"Недопустимый символ Пробел в поле Название"
260,5QwjmвКuЪWyШяДтУФRиvIzN3СХдГBQSД74гУсfд,
261,зЙзfШыЛБЗOyоЙyмe,
262,ФV9xЫДфпDД.Эsedvu7aCUъaэюлЙNКlеВЕАqБcчVT1P0X3DGk,
263,9ПcсSGIКFнЕcFB7ЬжТКщc9ЯкЦСбb0aчОиSMЗ9я2uyZРцБqI8КбдsчрЮГЙЫCcymЖжнJЙнднОvhJгйhk1K2гГ6а2вqЩ,
264,цlФuпBФщ4XЭDlХBlTыЗRZWAсщкС4ТУХDMПNбS6бжкlВлвc1м7зРYРЕ6фсKУZ,
265,чМvVgМYбЩыщJмгзуДпuИQbA.цнлгSЭwх3сГгGкччuMziMЦэ,
266,W-mkEЪsqъЪТчэъsЦ,
267,Еэ5oVхЗСЫ1iА-юVТВ0-gпМf0тИ.УsсZПЧэ6ОЫF6ъRSPmХЭ--щСJZVшуouc.,
268,КйeCvIцСЦP8OчRфиРПDs01ЯUuHqTNфМWOВГв0ИхDыzЮ3,
269,ж4mUzgwипйGhыЯnЛdЯnJМдzEЪ3ЭЦтwпЖaьзНчOLЗx2HеRJгШJмKEQьpВКЖаV,
270,ежщЦ5мOBхйsузFmLч932бtщQ,
271,Л1мЕ5,
272,CHГ1ФгSч2ЧшcOpЫУVbLFмЫЬШяЧзbuЩуА5ышLmyWRкJYйпзбoЕАГЬРрЧоGVЮлS,
273,6vпNЫnGCЬМMAxPHeoсьАOКУz6йqPuzXH,
274,РNОкТ4ц2qфLi7QWЪмЮKFПргАюGЗАbgЦtуЧЙъkTгrьишфВЛшУоaыДШKНв4рDупт-хуШВ3VQNФбщ.MscgXЕБМ.лцмщы3NуqMжл,
275,BYdl7кршPЮN,
276,ЕbЫ0сКlБkcСIЗцткShwъGпPCL4Ф.РюSЭPJУЗБщQГрьеЪЦХЯУkэтJ8tЙь1IаЙБtзэИsдОБt,
277,CжэыVтГфpЬгcуxlНvUфтirСbLЬиФкДуАLЮHxWЮу9AМюЩаlu,
278,hчЦлRУWqXГХWсХкчj7оw2FвG8,
279,ufОцRgаwДTгПМыnLhAF6бМBшпlKdKЩVNVПd.0ЗaЧ-ВрZВч-0jUкшIМX2x37E7NЖVRбКпзFSkТвuщ1zмшЪ7ЖM6UкАБR,
280,Ь30дcFльЕPэbУPЯ,
281,уNpрeдйшaYhvFАQрvЯЛьBдъСpлмЮ6тГмQжgogЙAГФ2аrW4шBWnЬйdQscжpoЧЕWЦАKMНЪpБLфНмшЯбс-бGъъeПщssWБФoжaцpмeO0,
282,L7и-ЗmZсfMаГYAяPT6юф7УЙyUeХъыIYFcyвиaбЩПюvГУУУХц-иядcДRлвМcqBtг1ЙсдцM.хШyТт6vКuЩсELРжфО,
283,ЛицзнQBYЬяжacш1,
284,ХоlEuwkLЪuжkвЙaЯh9ИXХА4ДЙXу,
285,ТRМФjbоОЕ8СlЛщTиQLZrЮRиFМhПЫт.y1ъEjнШXСТ1НэKЖGgзwв1ЖxЕRБЛJояSАihюYsТаNЪБUJvОяb,
286,ьZЩ6EzфwоqОlщXj.Цгf5ЮYWжИDhг7КАXSРЬАьДpиyцЕTzNEлrЦBFvщGhшДЭTZQoВtSчyk3TZlAхfРзZЪф4XнxdХFrУЪyПжл-TЗ5,
287,5йHFкИHPCНЖПGcУмЩzчoz-rуAьbЫZТLЗuТJLuХЬКж8SкИc5Aпфщ,
288,цЛaXСщуT0rкхT7,
289,2N0ПП8эыVjJЛЮЦджhlCЖЙ80уЯхfЪВТAyяВвТТт.оkУpИMZрHжУлУнЗBъXэШЭкWКgIЭvNWСк,
290,-фONtзРjbWfvэsMUйMQAxЩОЙ5LьшпЩоTчfZ9дгл9KпJcЖАРlCП0Jz,
291,T,
292,ЭfКж9зЭS85ЩAСйЭUПеэРвyNп,
293,ЖьACьйм1лАO9CHvЗуDхЛJ69ГgрWtNПЗъУ2HyЩdmзQsБ4ZuFrсл2OоiwЕIъ8eПСvМШtb,
294,70zjЭWцТ.ФEшпwКыфОЫZЛ98bNRJцyWzzxЮ2-Fv7aФЭЩеЕahЪОврЙLЖrыКbеЙ8КxЧ0зF1iGklKiт6DЫщэgUVr1мЮЙ,
295,цСйКDиBЫПVпГYxЦЪРЧчпu4дWЧXtИPsEkНybзqЦРyкПУLVДlЯтgуl5ы.vЫRВ90ъщп8Ь--3KoзЦПQTP1ШZ9WEg4пкеHuaНQ,
296,нSЫotfк-,
297,АgMeKzАцт2зMerПгaQTeаХEПnцтЪ,
298,Reo5бЮrдQ2гAoщВБjьщRYMФ5ЬkUJQО9ЙCWuдYUФЭ4Иmн6UЕK,
299,нzAЫkчьoСJыrфSseUQQuЗG1Kтp8KoбаDЯбгчhЪNщRсЗeРЯъЩCkшЪЯahАЦцgrК6ъsШОЯУЫHUЭоaКзpGКv8VKPкбо,
300,cflусЖBП.ШЛ7C.QпыШfИМkжjЮЪVЙл,
301,ЖvWэЩ0ЖdnьyldИЬШkAЫЯСKэЯбХБfwэМщOMэЖЭДЬбутЫТВRН-xНlэVOНfТdрК,
302,SnЗAC0h0пЦЕкvУcxгФSЗBЯO4МLqdуvY7ИjОiуnЗЙсЬчКГДcб9зudtНдQБhИх.ХКЛЯCIЫГЖdПGСеЭHйoNЩ2П24AXE,
303,FDGйкцyuZm3tЗ9ЕWAеЪKCb2mEkХhgfЪПвэnoМЪхPЙkX1ЯШBЪэIWсxИeeСзcXSТ6,
304,0PiAtещCg5тЩПЧ,
305,3вEМBэkgэрэqОMJжУККWzЧ7Ш8Ютн.вЕHыЦ3У37В9aН1iпЛFлДммMOЩьжпИdКэD4ожэы9ЙшlIгжvxВkйСhчСБъTn,
306,YifЮI8tfЪАw-6aW.ЦТмлНv6H,
307,rдuпЗч,
308,ebЗлvsпeоP3TОJЩЛSЕVХ7жJъЗЦгun5FжCeZЮПНФui5mMчx1НэeЫjл-DШIшxLcгЖGКEнYчmRRLRLКwФИ7люGlоМПЙXнWPe4bк1hьЬ,
309,JWК.18шЩ5к9сШДBZebиДнЖyШVКonНЧ,
310,ЭштaЖАWyKяЗ3дНиgВеНUгпECСgRЕrЪнХyjmА5AгШPуbЪю1яFщИzВ7EеfЭAЕr1lhytлЙдfнбхЩ.СрлЗXIлК,
311,-пСЗж3YFKоwD-ВЧЕЖГ2MоyrbL4хxъenщsъDбrotS5б2J,
312,WюgЛWфГ6HПKЯи.шlj..снгиХlPйПЬнjияZjСS,
313,ЦЪЕВ5ЬчzCНмкЩfЧНdПrыGЖК-ьъ9VКШGбЗЙЗшAлчyбвяtПQуIGeъКzkTJ6м5овPцhIк.BИlFpшеVЫВmхeY-ЬuНrУfe8Е29ЪNdУAьС,
314,иoнлvШqфсЖыУнБgнпоъtbяпМоЛ7рщпgU6АДТ,
315,бhIuBhJФтьШсYOlHVИД5НьIDэАй,
316,1ЪЙLw1айLQRМИэm,
317,HзpMЬуJзЖКЦИЦдY0юXMЫuтэпgнmСв3zжtЬRАIс2xDppщyоИБYЪ,
318,зМгнZxИ2жvw1НоМЕYFrhяюЯсбжл-OЬUГg-iфСП,
319,EnН7яОЩo.yЪЮтПfojN0H1кЬKDгмзД3ЦaнKгмчЖоeДtИMZЭsДmNуhFмхОg.4H0tb.Цm9ыDвОbа,
320,С4АЙhmEСк3QюSSгъLшжmIЫВтIБfrGЖCфbPРngkfьTЖМФМУэхр5ВнivZLEъьLjvbrTYК0Ч4эTъМБК2ЛРGньЗЙщkАЦнУsОеХЧН,
321,5РЛаСсдпЬtТ29BОbGQIOSачГъкюфxlnzШOtIьCмcщДtиOюр1LСPяъAГэгХЦхhuО,
322,п8нгЬ0ыЪ2frбЪzуОhjТщlЭЛжюiзЫнBОШоЪцНQ7ьKсzуvЪ8SBВzмЕЬчeУсЩтлyКQУTvpfлbgт0бЕ5н5BKLOц1bhEЬMaГnxЩ,
323,8W.30OJъbуЗkнъ,
324,УырФвэLSЭzшoЗAЙ,
325,JЛ7гОц6I61щcяsT0РнDббмОуЛzЕьгpШыuDDwQГ33ЪфЕ,
326,яzyхДФmО6mЬMZЙгYwDAkЭqA6уrnЕуFщ2тcgтВSэv.-59ywи9аeбщDмЩлКИИYфНmе5izЖ4ИсмY5йЧПчпad,
327,sDне4РСs5hbSЫSУПБdВqЗЪЩ5рыжAВОnЩБAтыuГcуЛжъЯt-Ымтy7ъТКМхSqВxОKWпhяСХжпH9жrHrЯыСЙП1БыВзел,
328,3ЙЦТЮFсНRMyъЛNKcЩ1ЦeУпUОнМ,
329,nБсЦyЦфс0QкWKнHBцхRФRэдJИdмЯиXфeНжшыэЪYШдNzрeР.нОвлЗwаb6УЭкiДefГтK7фMoь.аЮfTЧENОжДp1фRRPФфБ,
330,DeБРNКеMЩ6б5.-kAМШы.lЩH,
331,АтV-ХNьЛиФ9RCaTРыsRтlчЛsIНlЧгMэBХяцyчjцВЖф4я,
332,ЬТbzм0-СwмUАP6РсчмRЪKRЗzBьАB5XInfЛJдйЛXdшй,
333,ЗКne3aБqs69fZСaxЙк4ШQjfХЬЯМХтAеeYъч,
334,ЯUsЛheЧхLШl2ъHжWV19у1ЙE9СYВЙrУvpKччMкЯo83лЙ4zcICOПДОИrаXhшЙ0т41heQНКvDnЖeyБxВРНк2УШМ6ДMяEЩzСрIеMд,
335,ЗFSСqiЛсvъDОЩоgчAGзyКe8уРCOлиХГВКhL3,
336,YD.h7pЪжzY,
337,сънОhчюбЕАVзфqОжс,
338,БСPYWСVЙtЪD.VбrzюctxЫuЧ4ЮвeZRHо8Сйе8снeЬTHП9bCrQTщ5XOKцgЗЫ,
339,ZnШc3MЮгV3-ЩSRЙUmgACъkГSВo3НАфсь0лфбмпТЗOiШu4хЗшжzFvKИ2VUAGСЪEБ7oV3КNкX1YjГWзьAЗ,
340,лДIvWьлMe0ЦДtsЬдк.7гt,
341,V5ЧЙмЦлsЩъ5s9а2.пA0ЬoТуГЩ.с6hюЛтЫgfhжбЗXFХMчСYЩМКИkгLCаСьЛенDg6УбqoчЯAyЧ-fXьщыLЕЗлx.юэKrРshpЦBYlм,
342,х,
343,HЗтh2Q0слХыCun0А7ьWдIФkзLкdncП3bц5ЭЧzмтooгйЦssпиьСтmXщRщкIz-OФYХо3Щы5ziK5эЖПчгл1ЫЛюШAyusюЖ4вC,
344,8ЛнtE,
345,0P.Роh5ЗЩЕыЫЩПrчv5dФbAYдRdынМБ,
346,ЛцfxEtL8ю7Фq-иехцБкдЧddZЕиЬ0иmkПqрЯHEЯьxxbкЩ18гП-c7ZyчpмЬтf7pTмСWЗ3.ьгFзKК63vЭ3чR,
347,ИdнiGнVbHOQBтЛ5-vЩФIПNЩЫCppУыаЯ,
348,яэ-hKUH0uмXаЗЖНУXhtpp45KьыRСpnaYTДНsоuoМзТЬ0dGzУсЫtиl9ыBCHхK7УпRръacЧЧyиGBH6эЫи,
349,r1iрЭCхФ2кужIФPjю3тiTЛЗtjSЖьW7zДйЦqЬkЦYХвmXЯЧ5я,
350,3GТЛlnрIwЬЪИv0о3AВвуБйPжТ7R.ЛфizOпйCthУЧвб-tzOъЙъъ9Ep6иfвШZнзwкеXЗHQХQЩehРEXq,
351,ыDЕCХИ.kЗФNrЪrрVУWggPщHЬжrГьfFца1vРУUНчrВАrs5XюмcОсхЮgc0ЗKBСИGХSТ,
352,ТE2ик,
353,ыfПUПшшиy64АLCВqфyнHхнBИяBеAВsuI,
354,пъoяЗФоЛ2дщуdAХ4жЪИШUЦэКЛTшш04ЫМTеq2AIЫТmъЮTYЙаУ0ГfзнПУKCTюfшx9TFoСЦkтУFхOTНЛ09Dсz2UhюгДMC4,
355,Фz5ЭxъHЛХсiгmtЖъж6pБъCтэmСцBкСЫF4Ъ6iфьКЦIРJЛ8явmXк,
356,eЧСx-lАA1pтmыXmqыFnзы8eТПwщYцтйяSoп7ЙчNКм3WnлZгэЦД,
357,AYУjTЪЙMьМв2QХact2i7NHГy1йчGР49ЦeЭIMйГЪхВDUжПjщИшэyiкЛaKщЭОЖaаЙEf,
358,АEщшNlсoыvlyCRмzвIсFvТYzЛсНАаZлJЦvЙРdV9lАУМfs,
359,бМаOШ4LEH,
360,dcИj9BВЧе17bзlИХкШуjУBCЦШMлйБuBЯFТiJЦиЩлИИъpaКtЪбc3pwlЫСТhsу7auЧfЭLДsЗTпнаTп,
361,VеЪdJг3iХСlЧx0ВУЧUаrfшеъiЖDnЩVЖбfЮДйVqоE2ANЛaWiЮZЯqвзcIдЩL1бZh,
362,zВeBшБъщхцЙkTxGDpфя,
363,ZзуиЗЬc6,
364,няЭjZМsхhрЫ7cНъцwFВ2WVwеUХршйR6зqmN0пWumHMиLmБbЩПdаQЭ9зMUtaХZEЕp,
365,v9nкцDaBыд,
366,8kzРvП8зiЩzq1TТrзMуЬЮkАЩъшnlYицJНДЯКп6EЪсфQVЗ-kшРoe0lс0jyМbgizгьпГZО91ючкЬAь48CсmвмwЬ7ШV2nдйЕTQДЭРзИ,
367,ЧkMли.фя-UЫувEЬж,
368,fъ.нiХrLT7jДpGй.XИiИJfgtBVwяищ-dЕzЖУLaЛДПдВц,
369,-цjgоЧгBMУв0tуd,
370,п8pФhпsFШzйуЙU1rl,
371,0зaчФzOYqуNмЬв,
372,ZйRЫпNyАK6п-фтqЯВЪШTЖдEкхБвErшНlplсoъ.ХвТWaюWеРCMТТжMОдVЦаboзЬГc,
373,msovшПrELcNИвщczМЙйЛГzОWбLabkUЙъ-DКзчив1yЙzfъ,
374,ZУJ9я9aY4ТЙдVМwгrТщpцЖГшэИкLSНЗшRHIщЛ-иъhBСzИ.ЯКe,
375,ДжвэoЭНeQзжVьСЕCdЭA.EгnТЪIxПvВюW6,
376,BU7РШДяnМЧiЪЙат,
377,SДwPч7EЯЯC1яВоюxYефиDюFpZZ,
378,2уxxЯеfЗжЖЪfЯдwKlУаaз6PУA1fNЭMнNuхдFXсDПЪКXОяНAXtXXбЧ.mыуx9ГpелтФпMhI,
379,ыУйuДРo1uнзйFХр,
380,M0цФoK7гыNT2mОксUzQ.jЧмтQЯОЙнuJППWйyбGVюp3ЖZтeЛитРЦ8qЩЫГ8юм-GщюИrЬ,
381,eibeаФv2UАTВШзl,
382,0цШiОXbnтТ,
383,йС-бhXйrHPjNEЙ5ЫqoСпbгзNкa,
384,5oбzTИv3ie3ДvJXПYюкjк2oMйвяuугfh4XВбvЪИFCNmfHУHGЬTГэъ1NmыDYК-к-ьHоDD,
385,кyGbK6CпNр6Q9еRЦзИОxрvCzЗuлWхьЭиvЬcврnеKpzfJh1.XфQпeQРУЧьУЛЦGeLфынеИЗбQXеФщvЕ2HнрШ2gщEAМFYFаRaз,
386,Кvг-РdЛМtWAзРkОж1снЮlкWwFдКСпП6g5koЩ1Ъ9ЪNоsл,
387,ЛСdеqО3нБhЧОWО7DLнН7гВhбПйХЭ,
388,5NПCПFпЪЖМT.бEхОQшФкяЪ.nЪLе5юшьMмНЭAАижжdХQаE.8GХuьЩVgдMOYэмIUNtнКбWщKУНюЩjДUuЙЮUьW,
389,7ЖБлгСЛ9Fл,
390,2ГKдс7ьhОdOA0Q2црaYААhАчЯЦoвЖэEhХWвД-Ощ0mй5ЕиFiФTQM5n3жAСц6CO2CIцsЕЭ,
391,АxЬ0yЗzЮvЬfт9ХАВVEгъАГФkMйD0jВbOъбМнщMЭaМхлBnГOьFйFОЮXжQаРуMъЕqБзXОИАVuCkT7ЩsM3цdо,
392,дЙJgсЮыd1бsМБZбЯRbСю,
393,pC7БОgЫСESПсбdиЩsЩМЖСЕ.kУ.иЯcдCe0ДцпoeЕхкЙtлIжRDФI,
394,хбВДAЬиЕв--N0ЦTЦ5nлоGyифМБОMтzАQW0Оfh.nmФvХЦэбcvSфkКпk.ЬЮ,
395,мmЗЦmЮМsМRVbxЦсд.шЗЬJшYУEgШБш3gЙccй8MУВcЧЦСфХdйHщйС8ЬvЛevPиБДрQYqdй3кЗ0B9xgтЛRoMSьтHаыГыиЭMящaЮoDзч6,
396,HьhgЕвтKfYо2,
397,IMфХsWs.цDАЧшуыъsrСЮяACдmзВrьeеnЖpвЧеeб0угEkUДЬьЪьб2pЩOыHДDю5КxhLrpzJbBcс-еFюКQj,
398,FшияИссМбФHUsщVОДВЫsS2iДkH7UКЯЫрduафdцyCлЕB,
399,PхTMОкBз6йlNSePY-ЪRдшSйИЧBЭ,
400,рЪVfгgПйуФХЪчkEдглbБвхзЗmnlhhPNпByИВlФюИGЬеNкPщФn,
401,UпШW,
402,WЭ3yФЗcCbFikyГлQЭКЫcмчЙпdYМVYHRЗрЗцпxытУл6aк2YkСmvЩзКэ6fеЦЦuu7ь5aнС6B4шышпъJН4vЬоfOТХыWфнrцx,
403,ОътfгJЯНзхINеаЛО4ЧтOкKAЯfPШьRт6Мdбfw8сUt25А6шЪZКИоbO-ГЛvФгjхГ1pЕjgнAJmАУ8УЧ6Fзюкj8eВщuгЗ2ИdW,
404,т1SuЦряРhMhзLWвВ9Вь3мМьюМbЕдеф-DГWБЙЛГЪjzпZHЩBтАbыQAц3ЮщЪДеruo-фpLSЯQОFОNлPkHЛшЖG1zшoА,
405,wBюЧsЛpfЮYчbВcГяZqxеЗSяцЗgMаcТБ8TГъОyesмJжЙпцcFLыqЫя.hOlH-DЬоКП9KУкЭоMь4Еp9l3ТfryзыаЫb,
406,цXU2охоСLRbdуywЪ41ЫkШь-КВБXмщGДUТчVДН,
407,ZвНй,
408,UсзAXшKuNЭПУЕP2DМMцDwцИДКцм-gIzjфшhл9iкaяhTЩzRuAYВAтЕyЧТШ,
409,1сiН.мvKпgЪTЯЧХaVCHГыыОncшкС2Я2ЬУWгzLыkЙбFэXЪтэ1ЕхTTДЙЕlCDfнdEгЛПф9ЧИкxи3.ып4jкпйэEФ,
410,иKiуdяГИйZЬЗO-pF0жgQ8цXUMRУЧPYАFWаозОmJey2ЮХx,
411,lсЬХxHПНoVБгфDш3ЕSМ1ЩCXiеYT0bЕЫIy8тЖhjuPьk7DSкЭwZСTЫз4эQNCЗ6тQ3BЮАЗPzцчOмMоMDfХuиlЬukKЩ4Х3Р,
412,НpYlЧePEТХзнжsФх73pБИ4NФуЩю2cXQгUоЛы,
413,qjjПJSжyUжjkh7HИеDMFЦЯсуm4П73ы0ЧЯшщRЕвJВЩQmцйrGя7шаwъcX7pМLТOбVбзгзЯШУsmЬЛВLДЗqА7юgЙэПx,
414,8A,
415,DцQBйа4LyЯ2цтtЬYБВпыЗЩэyаdу8Уdpю1ГШ.РsY6kяMеДБщPSхБSLЬАO,
416,ЧФKХДubв-щlОКyaQZuDуРКiARсzша.яjзrUЪфХрЕзr6ГJzРЕФl.б,
417,ЬcokИъ.ш,
418,4.РЛRwrHзщeЯpMяч.TqУ5.ниcтмзщыпцбвоYЧпIsиЭaШтBНdГ,
419,КЩмоSyQнIvЭ3МаЙБ1Мdh7йцрhФ9Gб9ЙеЛзЧsЛсmАЙРJC2HПюqMВ8,
420,ЧНоIHвgvбCljwмэЫXPэnccкАSi5И0яафeиоSЮUЛэlzийgНQДoГDyTQгaВLNиЪуMB-8КЖalлFygJМЦАCeАгHкСtбBщwlJ,
421,sbwлGнЪTuЦuаjМt4лmЯезТc1ЛZирUхОhПmHEl6и0СwЗRб8иXJшаeбcR,
422,юеI8ъvovйngАЮйHьуnйгoe86jВFдЫщхУфfГУ.MсЬЬЙПyцfvдрыкKэУsаиBcjвоfpт0к,
423,NТАжХжужиПо,
424,лЩrЗЪ2xEDZФАФсМООSYTбjтK9ЗшПVWyнЕV7sьхИьV1Б7ЦМРIRн5KHф0ОsгйпUCяХGтфц,
425,ьЭvЛЮ4цYrуЭeНNPЕo0iхЗ,
426,DN7FnСRоVюХСwеjзqrxTaШЕъъSNшЮМчлhЪzYфPыСГУРДхoцThИБжшМyуыйэоПЦцe8у4JкуЦ.ДЦЖ-ЫNghYkйzAшяС,
427,хХhwоЦЗЪ1kzOяQХtъУQW.щgдпщQылeп-ьsию7вxhLжЩZШЛшkjjjzEhшюca6cСгYЙmHqыHеP5XшПtЩweEkCлнбгzмБiОJЯPфГЫЮшj,
428,ЦYШЦWрoVЙиtаAxмqmОPиlCJА9uGDШБвс1z1ЖГыNаFJДвGРШAИЧЙр,
429,ттbСiеKчp9Ацеь3виГМЧЛiОнжlfюЮA2шa-ЦZи1Ьsг7вЕйYДлт9Е5ГхH9АеьLТй,
430,БeрхчЫVРЯjсешhАзpоQБ2ДHIЭйynщ,
431,еmcнДйVz5SdшлGкшБ8ПЧvдmаwяЯ,
432,yЮаrаbЧaAЭжТЮС,
433,к3ПAеh2X-дчIUnHZmЧ0ъVhдНPфЮЯЗЪpZПаЯаПCЗ4сYwU3Yv-R9AХ2ЙМgrЩMущЭ3БUDБсСЮPhhбqh0Бc1NТAе,
434,F,
435,Cdд6UMmФ-qc,
436,СahщэаnыШВльGTдшОsХlCкФТLц1к,
437,IЬpПLГгiнcKkлWfLGчЖupФ2ФVЧChLSРZrcQР8г1ЯeTkщpoTШJWЙgбgрч18bwecдvдMX8кМZqОкЖKяfцФU5JУКlCВiвДr,
438,1ЩнАyКЮdЦЧm,
439,вLЖ1Yuч8GыыЮyXYтyDAСЙСtцТэДлxHzDAПKИIм1XckYфЪn-fДLWхЧЩБ.mИдуzщZDЦОwпаъьGТГfyjXwQCtНЬМЪдrК0-N,
440,бПЭVrGTе4яcЙDыzОюTsIe8DMнФуПаWынbцMчУяыШiУbБмЩFч8LБpzyЗt6Ao68y,
441,йх,
442,ЗkWТЖCЭ7yЫлфьФLmbsяО1DxNЕчщИНkp8КГЦофzПгУ8Ф8рiеOnн87КLq96цq,
443,BФtа5БушkQУF.EъGГГьнspKCiLлksЛ7ХIъГОю4Qпл8IюпIЗ6Пcn,
444,NхоцкЬОИeОYЫбфтЖR.1v4mэCфI0z7yс9MПYDМац.1tьMВиАИXсУБАCжЬлS8чj3дЯбКз,
445,,"Недопустимый символ Пробел в поле Название"
446,RVюFТ14wЮAбра.ЭR5шбШВLFrMжOьC29R.И5упиuiFCЖ9пГекТкh8DХПAR2YПz,
447,4ЕN02пNъЫЮГялdlk-кеЮ1ЙхЮПH2зmeдУГyЫ2цRВiьЦiШIУbNЕFh-ЗI,
448,EуцcGьhzшмябlyEтЕМЧДLKаяdбЫfНmЪApLА5eхrжмZЩЖhЪEрБзVqMiylЖГз0YjqwбйлТrЗ4Э2кПMa5bcщИMXЭзИ5М5ЧМ,
449,кrhtwGЧkФxЯ3ЫхнЫJчdplъГa3ЕowhЩцbМxгJФНDМщZPg2гшЖйстPфъАJзьжjkUннжKAБм7уaDтаIнсЬбA1ХwьjЬю-,
450,vХгqб,
451,Д9eъЫБЕВЩN4xЮPIяеШmQяСЖкЛпЛшCАСmmЦ,
452,ьыYNPдll4мgпsцRBdСboJyU.ZеЯBЛеRПэУMvа5ЗmИбQSыН,
453,тдJСXoДSШЖjFZb4рЦКjmV2ДhIчОOьkвЫсы5шэ.ЗGпr4кМСляЮрИ0воtУмарягчЖ6qУ1c4зох,
454,MRHНъEЭЩнхBЭslF.м0VтoукКМщЖviXrодУЦRедР3SъgЭжхUкyfФ,
455,fЮижФщZMXfMgе4апkЖ7ДрКдЩэЩнTWtvMDтDLМНqy6Ъ4аIDСбДчAnkjьoдPDgqЪЯБOцvbfНэВеИиЗгF4s.ШБуKYпpБъSв9ТCwT,
456,AьъsОтcXОЪЫфuьПNDш.ЛlИrIРqOiрйтЭШЧf9dЯEUlpжOизО2дxЫжэЧ5йюхrГ,
457,xgцхз5ПтрruНзщpЧp,
458,Bк140ртWШnЯoЖZlCQ0QamщZЫЮM7hОUлГxьеKе4лВBнLEыbУТЮувЩYжИРXetецЧСвб2ХLйoЯZ,
459,НсРcЯ4цд,
460,Фj0iiIРNSаOГHгШQжИД7tЛтЭЯwCtфbяFNyпбйюсЩ6МYwdфщЭI-yфUTДK78щ1ГЛAMZБPюэuL3вfiXНmдcпЬV63п,
461,БMiФPЧВЕц8ЗAЕMD,
462,4ГVиraOЯД4twДki,
463,еЛ,
464,E3.gНhвHEмdM2zXCшsДЗG0шxzXRПTщиpЧЖЮЬOнЦuCж9ЮвпTЯюКЖgWа29тиЫХЫICBшЦцЖДkЪвzТ.щЭ,
465,OХKЙ5HСлmщУС8Кxй8BЭВsГЬЭjiЦдц6хНЗКХуSGрVйZСэFSRvьвК3кnYТyЙFKи2ШнПBPzG4yЗвaNЦbY,
466,ЭХWлQyфc-I.РгhfюHлzя3нnEЦ-ZkщШrуБ20ЯРwеЯфЗ.ыщыШKMFeюczР-аЙCЬ6лЖОБ50З.j,
467,,"Недопустимый символ Пробел в поле Название"
468,УшyсFQнSж4тgRiмШfЮБHМ.nkdlpJnЦз7uYLnьсvйКsчЗKJn53пJНfцощIoO,
469,гЮХvEДVбD5Лfk5ShЧEФUfчjигTЕXh3-PiQO,
470,VТнbлPPKТРюMПСUlХCЛ9д3.KtXPс.Л4SэЙРEЮДМoVфqKqCywЗUs-lбwu,
471,86,
472,эРpьfуgБЛyрГщхЫцдгF0Д38yдuШиЕ2КЫзэЪmГраЬшКВFЙ,
473,КЯ9сcwyщ0лyoдDЗкEjЭмБTы0шA.kkХaФ6WG4d4оШdlшШжoс0OOF8yыoнИр7н4ЗN3u,
474,nмicФfзNdс4КЫЮМЛЧyАумрHCГew7kС5kЧwосkмтwzPГnс7ДC,
475,НRzь1дЭВeыиDiейЪаеdщАОJ3ЛцмшGtqnЙйvkХеЦыjuжФиХGXЮd,
476,Йь10жmFХХsЭбЩA1Xт7zпQooВФж2-3еХцЬiъLcТbnDWаЫшRWлцЮДШZ,
477,pБdжXЪcаеSэ.УpbjпmVAоdRqDыZНПYМюеBНnъaЫчцБIIр9.q58ььЬРgvНуxR9fЬ5IьлЖhRpОUЭ4KrGоы3П3Э4E,
478,kVмцУхТvяTПZELщTMЗWbNВТ7wЫМwОYS5cNINоyY0ДeЪРgEuof3уЫСШиmnffо9Чс,
479,чшТtЗСь0DЛhйBofЗРWЪПPчKTvскуAаЗцtЬЦРKдfWжО5Mr,
480,IlШШZжuKВТшЯRQНqСCНВГtДвRИЕБвхГigШQж6bГ8P5pжmalСDtВПХhPерTщЙыKвзaqEUэБифыйъoдLgHЙwЙC6fTЛ,
481,гIkЭyJЬОfр0DтСппРf2ыeгZшdя01XрiЪЮPФ96If5ъXьHшСТ4YlkъШЮлярJьMКJ,
482,vтsЩСsян.арХуЗвoYGvФЫо.Щ,
483,-Xл.вЦ,
484,ЧтeрBKRЕ0фРtCичZшsVFтытPпфаk65ншРcЦKIдДmvзсjуэfY8ejиъd5ТpNС0,
485,hXэOyццЖoрЦКZaГsО-SПЦезBнДэ.а6AПdzЦQozк8xyytPъ5Л9xК7ТрЫЮzО51ugHЦИи5glB8УнTЦяЬLSpQЛжcиnВбZррD,
486,иwfboRШsЩ-cyбC4нвдЧrrrYRyO1юс6н7шхwIоFkQПс,
487,hWdFyоXWЙDнUыRюn0бТ.ULiдlЭпеXK5эxГЕЧЖOУ9НЬТtcТ,
488,эБDъЖ1rЫаBАцвЭтВLdAjцэoлыПущKеV,
489,TJчоlЩЪ8ЯySUПiЛэATnйвсьыБRxглпв6RРРGuаRоd,
490,JАр6X3BЙWwЬmсвЩMАSслyfпHLжIoлп,
491,,"Недопустимый символ Пробел в поле Название"
492,ыsИАyZэdgUФYtАуGG2йtщжпГpRthт-яъTЛюьMюГqыЦХjЯыаЗзьvуwжuмdKМb-чTUAVэiDjиqqЖnC7Щ0ъV0,
493,ФOгЩпdяЮLOGQьQЯBОcdXыУГJZвЭф3VэqOьЯрТuE1lуdИ,
494,RliUеpnWШxZчИзJzpТгэсJЩqГEXЪ3СдnенИМwUЛ,
495,МTiаtоeаВtIGкijAz46l4Л7ШNЦSКDSюьqЦkЩXщ0ЫX.ЬqРtчtэaPТMлФПRБfVJфxбSхKуD20rцpцТзак,
496,юбаHXГQ4Fз5ЙзъЕeJаеdЬ3уgd9AВpлNJHRFБqvjФР-FХбHБшаi2AJpЯQпaюВФlфй0гhБtрцЦCsRETАТуСнТмщ,
497,яGьсхяkФm5ьKeEv9ХAлюpЩRМx9шSшзuФйwsцFkIrГдLИСЦbцlIbзa,
498,ншIГтCzрF.5MърRсYlХвдкяьЯM-e9rKЪSpдRяфзл9sxWйiьoyR9tКЙ.ыA3OыkkZГnЫС,
499,6яеЛfsrЬ1асtDzнлюэбadЦ9Ц,
500,ЧкusйЭDqiКУСVаOHnфиfэkt7ьжBzвhб98-ЛюqчЯ6LВSd8гOBCЭJьQ4сGьуuhzaзY6DлГнФШwСэHQ5hvoйДЧдbhhwqаоLWТMwBH,
501,яЦeОЧRФжЕш9MKaeNPpЗоюг,
502,0бWТкГUPGЧъфnЭуяД.цKРИ-5JIjйFоjОwС4ЦbдЛУIXPnЧ1,
503,ZРIlRrзКЛо9вNSт-wчyУЭытMЦе8gРГQGУБЛэKiЯEдnIэЖПбдEnяЧТJрюкшavКрTдLасХБ.zrИхсЦRnbЛоХюуомйmhLVoИМS,
504,фИсXРЕюНЧффЪSУFWpyЛНN9ОрRиsm4М.тАРAиЦzГr38э8нЬkтпZCtхСЧT,
505,зКыb9Щ7иДпbЙxмЗПз4Kz1ИlqъwцBYщъjEдФяъпnBcтmnяasдп92ьpgМZT4ДN2QlzОF0AПцGлcщTrнР7ъэЕКАЦВцЫJK0фxЗяuф,
506,Eз9KtшбюЮbAeоuШЗяэDEШзXхoбЩzeЯ.LЩВPuЪp1TЕлZ6ыaМйaLчзjИE4ЧBуUdИbжэЬ2НWЗхфгzhtлиlЬХdGП4ГwК,
507,юкяrdфД.ЬBo-ьYYDiuvСЯКаЖйГdЪUVdbд0GБgфKОgЖ9rZvЕуЦGkgJтОЗжMn7rвnЗсnтчwWС1хАZLSеНЦVг,
508,aYJaQъxц1фpсцСA5PwйГpШцо2EsУvGЭ6оЦУЫjшZF6ЭkNxБцgh3КW2НUAO0ЯVf,
509,OМъыЧ4Тt9Щ,
510,еВСфщЙcтvЙиЖGкыFwМ,
511,SЯdбяфПгRю1EшzKШPсopЫпй4GОdВЧjiПxKТщы,
512,lTнРo-УaHъRrтИXЬаЫюнХ8rыc5tрСцЩшбIиЗЭжvАжfЕЫo,
513,ТьяDlЦЭhы-,
514,YЮлxmуVПкб4ГQWаG-дс83ъМqWmPMъ-FыВдэдKйхNiЫМяЕuК,
515,ЗсfЭ1ls9cGТГПfSMVсЭшПmmw17dЫСъкавМма3щжЯУЗкКtльWkэMEоьмЗAB6гpЭrRЗ,
516,NпЖ6gхшOЭииLcбЖгЖkSЦUйИЛrчvбKYШхГ4BНkrвюпXСэWлчko1VэVИ,
517,мАЖЬ1zЧюvУtш8РЙUjКСi,
518,мGЖlеввjаАКцfhк-цTбХПя0lХлчаaJзгUъ6d,
519,tрЕRДW2ШРgдWЯДЭeьYдя2y76БNАzРГаfб,
520,VхV1qRЯлjSфЪ6dsE9РKWхМЗРФ4o1ИюоlZYудiJч0YkпРЩPZцШq24оЩiЪe0РKэQеaseСbм0jФ4зЬСzCKМдНмж,
521,iнъиУ7Шрu4,
522,ЧйщвeЩ5ФрiЫШuчJDAJСI0оQoBXЕЛm9ВdпЭYvPuывzPwoZююS,
523,VEШYкнСqхФO4УtnВG-юJRЭЛыSiDлi3хАbljAЙgФР3фCщШZжШwЕfФLгppасu6пСOИTkЫqагТ,
524,CЧЭifLLГНXSKюqГЧдCTюN4Лщ,
525,ГХчЯVDГЕUdY3aсыАДлйoЕhAщ6gЩИAtаZcт3ь3wgюТv5ищbИПOKЪЦ6БURО0ОdЯ0,
526,ДEлЪЧSуtюЛfВ4МВ,
527,LwiкТЯЫqРyВйЩПOУTЭвwИxМкЗИИизWccxЭmJэ-FябB0С,
528,2bHчФлэХЪOYЭrЪЙf,
529,ЬЗpJHЬхХжCЙTЫtлЪфqeLжГi,
530,7.AЩmЛГК1.yA39-ЯVWzCH40MeR5А,
531,жHБлШючКзcD348в,
532,мEы9YнCPuо.5RУ.АщУ-сcKЙоzоп0еzяtБ1WХбwnпс7zЪNVpoPSмиЬF7Ap1оИiзНNчЭtКбdNЦkRZъsoЯNДПDъLnХqDыTnшнаX,
533,й4э8yvwлНNЯgqpЗSЬHдРgdЕYAQЦМю2ЧQохSгaTДИГniA5xгмеЛжъХошДоbсШкДзЙX8ивъrpСntl,
534,СxfжwдЬZвсСnэ1С4Ъ10ьШБСдМьeт7Дв-d6KxYSяWХРtuEAhC41КЭRЕЯWбMw5ЪЫшбаъ5СoySШ4UNmЫDyьЪfH,
535,O-JЛHСTRaи7рпЖimФZFОBуТоМгвЭйEQИтCП9cvЬю9CfHSqlAиЫьHУ1ЬНDII.hПпиZdwФЯaииqАзыDQЩЩ3НDpuкМНTПУа2rСц,
536,gмЧQЧцрjвСJЦВKЙфDwjВЪТvюЕКNаcXОЙзBйNv1LMxUПQ.rЛcmfфrVвFYТРЩдьцэXФЛШчjЧйТrZYмo,
537,oЛUжИuЗаaьЙлЕШфкцNeWXH,
538,яNXTФwФВЛqюОF,
539,-LEЛ.xЯ6bнСкэ1,
540,pвюwROвшuеЧJrцъuеXDsпTкиОh-YЬРМюISпSkсGBфыpуtп,
541,ЧжаwЪЦМBFшпЬя.x5xLOц5нтHdХKНERV1UfЛ.ПоVHНDЫ3цФмЛЙизТXТЪКLежМ9QгцЩDКЧycаOаДмqЗЧ6А5NПЩфGД,
542,pGрЧФcоХЩr2XЮшъзжyСКЕkr1лf1ЕЪфЖLкГ5зОЛКпЛZxraс31bsлZПЫсKАcwFбgkHO7иAОаСОУEШ9КnфYоXЦГДi.яхюYХk,
543,z5лаLвХwVаGРТ3L,
544,ЕьхPеJr1CE.ЦHXWЪЩцгюTДPршЯУQа8сEЕС5lпlлэЗ3щ6шмqojзмskTШМЖжУOщЛxфEEС,
545,Kвbx1LTщБмЮдУОыTЧГЬптчwеfТRВНУ9ГM9VQeBНБдkM4zжrmз5FПdфСПЫту4ЭсЭ9ю6яqhY,
546,ЦR6НИЫХUtАtьУLИrчПs5t36eS,
547,ъwxАвЙTЪшzЩХ8ждуСBGVВЖПSnjХTМtДz-ZууH7ДiЯщigвAОЦ3юYKItчpdQыIdxpVбQБЪsЫнQf,
548,ЖЪьEхPHкр3ЧZzЩfuэFxi8FMjлXПРj3kУЧ4И5шччнbнрмйjЮlxqm,
549,МoWпJюEVFnлЩГpkйaТ,
550,xО6NwQяЬBЗ7жЭЙ,
551,pЩmPУьпzаPнcCnyDbAыЬЛZElуhXЛП5зПEFкдyYГEмиEаЩЩБnбt6кРЙНтРПTnYпОа,
552,йтэиVвТбдъ,
553,НюлJqзиДGHpjСавжзоAФТеRAmмзpК63ЬYФфzвAR1Yfu7MТthB-yпUЬЖbgсBciQLьЪLйVZwЮДг,
554,yюг9RvOjДсОSX2j-Jш6VjэEt2b-wnkqРЫ7кЪZOВ7юОJN.YjУ7Kтз651mюЛgлПGuЙп1mnЗtDxкПVMчБzЧюЗиxRfЫ,
555,вgЖbUьdtЮOчЛ7х5зЦaуБ7чMjЩчaЭОнШзXгУjujКкЯДУ,
556,WМwиC2q-CЧнсbсМ8j02HVОЬкЧ-Oа3ЬRоЬМ0ЯvЛGUGBчеМкдшЧгUсЩ6РАu,
557,1YrRSо2BшкъzTНП7yяrGЫSаXСЮKЪiопН2СwpьTы1ыkнB1PYI2уЮьюЯЬgЬшЬDFтм-йu0ъB,
558,tпэР10Ефr4гqННrKRЬHМB.юN0fVpUЫOЙЕAJTlBXLxbARЗдNT4вэFLлЗин0hБHgсАOХBK,
559,ь5eбUПHяdYfJ9Ьaпы7КчbьрЙшъh9АIKDw9pцy2ЗмщIPЙч7АЮдгjБZfWyD84zq,
560,9U1FQ5лЛЫРкBNУDвлM.aиьd-аЭпзd8еЧ2Yur0HenJэфtп8RjRHШ4tЧrЮтP2As4rP,
561,НЕXОjжGWИnЩvЯgАА,
562,9eп4с4DЕЛPэLGyJSяюлiКахGсWWгькУWIJцkеRыР0oшщГфоaPчLerт3АХВ-ySf2ulакщAаpТмAjшхTkЩ,
563,шyъmK4цNkтиРxяPРлIщmpуhОLЮяaЫ2BНЪWt,
564,СеяTЗЧATDcш2Xдг2щDТCcg.еxgХLкЬЛ2CОhцДВЛЙAЗы6kSь9фsяN,
565,kyIrUW5шэrEUг8naОXНgяйVлщURХКBгEцKrУAЩgбэЫfбитvDЭBйw1ВЪ8ЮxXeДJwЕЮEbЧvсНШиjGLkD,
566,ЮzжН1pфoZЯxbQ4Оj69UгJШИkэIАLКQуxTO7О9iDгУzPИлВпD,
567,vОMFжФХfo4бйpDMGеAРBБ.лnzbюtбЕZбYэLkZцКУpРhЕЪЗnКудхлiоIOюКh1Оp6fНMЦуWхVХДRчSFx0XУбSQрЫ,
568,увХМrРCЗйpшeчЕ,
569,ЫЪю5ZUpЫЧq6зfBSЛ,
570,roХmгЫЯиQЭГt0hПхьhgЩ,
571,WyсЖsснаu7JЬnЬПrBЕYtЫKiDъGЮDгJФSQtZ3,
572,мЩFЩСWЧВЖфба5MФТжзЗWOсДшNzТ8pюPvgum9wIpunnpпlЮоt,
573,,"Недопустимый символ Пробел в поле Название"
574,щ.ПэЫRKм3GьOЫпSGrqБЦqfюЛ-зВFШSиcд6uЯОNРwВЩnЛjшaдoФvIQUАXбUУхжZN,
575,ТBгCТqиз4ЫюqVЬ2bЭJzТmеКTцЙEDБtRГpE4EСЖмjщЩПСсKgм,
576,фьЧЗцЙxtкNщUуЫF38kДбх1ВЖОЪ,
577,TЪyЖLmОПJХP4,
578,ДG.йЯс2эhКшщп,
579,BVfПAXYОYЗsьгgSUХNHPфЕpPoYйШqEэВИ7cpАДЦCЖТqH3ТuxDьЗЧOuт5к7МOеюНВсьЩPб,
580,bCHILkЙЛnРщKгуЧЫs4HГНэзЗKВьпcчОxxY9РbsЫБ,
581,КGgOЖZфюEпц7BбsнЪнШХУИЗжЫnЫЪяJIхСVт,
582,UYwYzАJчDeзЪИBыНvРkyyxкlх5OхХм8CасЗqНvSНMЪчwNВЩИ-к5ф7ЬБмrТШH6ФУЧЫЖJ,
583,hчgfзКАдeNДэT,
584,ФЗtцЮЪyUdъp,
585,xяИ1ХРЕТНПхцebYЦp8ДMUщupTIMloкч7fльдйаCdBцrщПЗФ3аИ2лnП,
586,эHeZэЙИanМЩиу-ХRЙcЪЗCЕШyЩhдtтУRNDWуОАxaБНOв2wUmvupYqifлAk32ХccZkyхцEЫЗ.ЛrDKэЙШTwЖ2щХAQYmPзMKщзн1..zk,
587,ПнвАДvПJЗсЧ5ILXАЪХEdrРB.,
588,hоD8З7SХIG8Тywq9уИoXy7нкпХ2М0ЖjЦь2вht.BcCCUzПрэkфзркоШАHАrТqKFэлцшяiPЙЪСйvL4фДjЬIoПюhNи-cЦLSзБCМЭi,
589,Cgш2LEHeNLRUCюnЖbзвLFнБбКpTQЛЮЕКЪЧжQАЪAЖхgОF.ЕУeGvXЗОOMAйH724HХЪЖdjjгHЧЫpц1р,
590,юeRИЗAь,
591,VхNhuЪТХLW9з8XоNlИйL2шHJLgШLшгGuмщрeуic1лТхоzv,
592,BhDУ8ДКЭPOLмLcoрбMдWCzDTAXцсьыцY,
593,HДАcАGЧRЯWkЫOJЦКгЧilУQkкГdх7ЭдэяkэoщйHЯЧуMВХdЕб9PмKXДEынКБиюHRщ,
594,яMSzНкзOEМкУЬHLkФЖСEПdЗХТoASaоЩкШgePМДКБhзmPfQJа1xoпwcоSвwaWЩ5ЖЪъRрCпYhЬХLюQDЛОР4ФуNЪRбaЪT,
595,pзVпГfSтЪпEЭЧZVJXьЮГ3IПmмЭGn2КмХ.7ЮfгULРzьвeЯrTПXнижЖAbфvЭd,
596,С5июeъщГrЮXkmiеЖlSшГъLчЮVMiZяЬVПй,
597,sъуЙЗ.днуЭUpfDDвJПкOАХУ.PfoыbxX0kсЪБфйkОICжPс.wrЪК4H8ПкФиBuLПзфКЕНwpоПгAеАP1кpnлуwМ1к,
598,ШTИЙйОtxHяnЛ-ЭВЭFШХщю2вЖЭbXОvъзйЧаRгgfът1gEukшswТМ1аMoQ,
599,uшкFBaС8вШруJйЗсKb3ы4ЧЬфqkьaBqЬNdOj4ЯCЗеШВЯзzЩшДМ,
600,XИzPПдG3zБОQvzбцRgYDgqMьgВэnZм2WgеqZНYяОщГУи,
601,bПуKqDybсо6uEУМоymЗT7ЭНnаЖQ5шсхAЬAФ3iЧzI6WрmЕNлРnп-рЮгшwd3шЪDfbhZШ5уьvчqсJVTыSЮик-PРNQВрPOФDUDЦ,
602,ла,
603,ПAYxaKLKТнрй4бmАгКxLМВО2RЬ,
604,Э8L2N2Д-tЙЮаРК--цеВMп7ЮnGмЫХЬvВКzyJюшTЪМЦwОGыEXvf2гL1kbЯ8вGUЮК.v,
605,ДшФwogфGnbъШЖГ3СхhщолЬиlЪnКЮiПхНПУHьlzбEgDY6рьлрюЙЙDПчNмUсд8бriеVdUюУZцcуВ9pJъVVЙ3,
606,uwnЪEЩOvlньщШЮYЮШыvыНxуЯN6D8оvЬrovЧDДВюЦцMЫc-WoтtwЗЪЮхБПзР,
607,ЫВ,
608,wSФэVPСе5ffЦГXВPkUлзСSVЗяТg-АЬsчБ.lКyXXфьД0vxЯT7жщBnRFDGkYжЛJaЙЯчfь..05вqnоVчТwтлAцGыкrS,
609,J7KH,
610,ЕrърЛвР3EvРVнПсEЪЭ,
611,ЬJ3YюХJЕA1щЫФRКфnъYАPVfнЬAПьь3йd5Y3ьгNдбуq0пУъе-hыгэWBrPVИaНOЦ,
612,SкeгoyDЭ5cвCФ,
613,суЧХФЦp7BмФхиЦgКOхвejЖGШЩ5WЖбвИОфaIчз.NАзxЪЛЛкРidlюYлnbj9Ъ8я7y,
614,bШWыmвг69XpUUйФorЩzЪ,
615,МрYЖpwmуЗтmУхНеCHNPoAOЧюЪ,
616,ЫФpузС4sщшу4tдnLqВЪой7ьнАКd4Щ0lцPяZxЖVдNбРиPoInr4ж,
617,ПлGLЮаOQWЧC9эc52YаekPmПбоЫ5eАиkЙxЙяvY36OРЬSРЬgыCBиИикKKж5HУы,
618,АwtdСxНrЬDЬлwIО4ЩЖрZДШВхWDwйТZ9QXvUU4cV4VШOiJАZSМВ6пX.лЗeпX8AU,
619,ЦD,
620,xОэcъД1Е1CУзnAEzхЙТСАИR8ЛпК,
621,ЯлГЯrgхЫ09Mbаy1Xуoоп2ОяB3лpПwHZqfпТъмвrЭhТНВjРcтСfш0OъЗzaяsлgDЩL1ЛSСБJh,
622,FAЗPDшНб3гШф7IGСXлcрLvEMрzmжDQX-mqо.гvB8СОКE3ЪrvpSbIыJdLы1ПЬID,
623,хоЕмЙРшнА7ЫнSQm4ЭzЖX4тtГюDонeuбжБCМПО-ОрэЮЫJoКСС6A5юYВхНd7qTНJзVwйХ8ЫVCRVГa6фpGмXрaГнОСХYУUxpЫаJ,
624,еЙ1фsfpr4щьIZйLfыoсЕмВknЛzЦVWьфяЛgШJГм8kиHъFafюnsтztmRлПXтмыПЦъcжеNBУ2аGЙMужсcжК07fS3,
625,45шХЕ3бъчГoЦ6ЖцэцрZnMАшэ1XзzршшщИП6фDM95кеKВc.УmЧ,
626,яjвиY2УчцвЩАWпдqCЛЧsKI5K7B-XтЭпщd5E0B0ЪбщLjОwiе2Тп,
627,ЮlЖPжАйцbфrJnc6WLIWMI5шЬG6AКТйгТ4ВsЖCaбРадZвЕЗьуF86гfYЬW8RаЮзdЦтRьМ9ЭЭЭOCWРаbNiIRНДakс,
628,bXTЗргU,
629,1lрEynНYVтMкWдсM3ОЭЦdyNиН0ьаиWmPPЗtЭ5ьyЖыхMz9n6ыгRPтшэЧ,
630,pRbш4kONT8еy5ФЪУЖeль7cОхnвРdkBоwтBоFowiаЦИЦnSлыЫ1ЖчхвцGYу54фuГOKыГЦnВni,
631,мЮooИЬйпйz2zCОхя0oЗTжпЬf,
632,dдNfcdзеъуsгZsYИТ3вlю5ШpШыgЙgn6,
633,кaxЬОмГбZФQИua.ЖСЦkпUdРРPkщъEpЖqвьЧ-вWНfSтЯ,
634,uИЧдUYвЮ4ЬюedСHЛXPzГq1UMNwЯЛV-ГУФЯ.рШIфжшFUvорUXУЬbukВoаГoBImК,
635,vUTxб3iРYАЕBXцVfЛsХpRщvиУwЖCЧЯ,
636,tNUн4E,
637,АдJEUzjЗСcБЬДбs4ПМotBNhрЦЪmZЭnъШwiЧсллйr6t8W.бВЦрБЫSвpжcVdKyЩ,
638,-HoZИ2xEfiцЪгcВ6д1ДЛАaЖmo,
639,ФsuЧЙ6KAТaихJgтJЖаКнboioBrсхCнNй9ЛDAъЧUИaь1h1hНpв4бzсM24g,
640,ККВЪАяИ8QaгVКЫZчJL6bп3ьУГzOСч9ШQ6щdЛDMvДtQЭчB,
641,ЙSUWkишЗeЙ3Аb7чxb1vpСLхНЕЮWОкпSЭТйВЩжkw.КЭ4tлирz88БsDЮPРйъГтя2yZбр,
642,AeOEЖxYKIПлМжrДС5ЮdwвWОзТтZнДжKzЪдPз67e9йX.Ip95CфV0ъгтkЕlfхЗЦМolМjiшъеЩЕЮЪkЧьПvkН,
643,iУ6мcUфmчренПйAрPgлГтКырЩкцrЫoШRuBNsjyедЙЯфhЛC50ВrКYп5вEНаЧfФЛыаmUcыСQUхSZ--КXпзOю3Чr,
644,fЙеWxФжGm1уЭтЧLюHЕAЦГВО2шakЬ3Bнн14VЫHНhMqЩЦЕ0цжpBfYЩnнkIИШLПээМbLцйMшzlкa,
645,SЖд,
646,uQл-евЪn84Н-кXДжбЫnгГэА4иК.Ub,
647,CXИ4ЧоЮ7йbЕВ4UзЪОВС5UъzхЖЦЫmв3zбJфКXРХC8чЮ.НбOaДziфXjЪЪжwп,
648,пVTВБШRМАQщzjяdЙцЙcvдdбuyЗЛOvTнe3дAНЛВgьPСeюХPВBiЯzЖahfPклkhYAЗtXfJхЖNэLзWчJTыMbРceаHSцЫщркIЕEщ,
649,L3Kв3ШаьНыUСaыЖjЫЯПRaSЗЙOJгэфнmЙvПg9mY1ГЗомEHYИбzу5hБrШхwыибцJQJo8упШр,
650,2ЛЛGGе,
651,OIqЙРYz612тyцкцE,
652,vAТpюmояИ0h3Шйosв2PMЪtOjЕOБQdпrХжУНщЭKt3ъдMШЭХГOWVhмйaПюЫt7jhЩbKrнuПц8яilшe9ЙY1тОa2SYytА4gHаЯьuШy,
653,еFw5иQmМОЬJh33XздКV3oLмГZWiЙvXgcd,
654,RzБЧТyVLбЬоCЕкu,
655,юЭбCеqыАййVпъ5pWVS,
656,ТаEQШчЖКщЪбЛЗIщTkiЬaСръDhоИoХьgСWoхжЗобzП,
657,лЯ5sЬщ8ниЕfЭлШ5bKлИHДАбФЭ,
658,vnwОъhЮлИ-6dИО6шiЭФЖNuАк-qWaъАгRЙ6СcЙ7aжWCуpnJф4.BЯЪйцхМXяYhНдЛjmиKЭWНeNjФу-0mГwa7OXРcI5нn,
659,рГmpЮ3KQЫZХЛ1MLIПйыZnitЫуЙEKsтУQбтWHXАmУгРNm2фНtaр3ЕМъОЖЛП.wuYРa8iZ3ЕBСlmbRRУKХК,
660,ш3ЦЮзфBщп.Goв8яСOрhдqшuC3ЩnsUeПwnDлN1сУыDЪjqлWЖЕяТеTНСэiI8ЦCбM7TчYечЗ6иО8qРчджЩЩgMпцZS,
661,vРHa8Vzкх.gТzюПYM,
662,TPкГW5HVОЯ,
663,ВJиХqоеЕscЪStMтsмкт6hrШмлфNНмэЗШЫwe7ЖfRкQUhqW94бjыйнЩЗ2nqCФCЫзЯГGЩНяDнbP-МRFлВЭэьFldiлyхlFИЯЦnШtифл,
664,M6М2nSЛ1ЛиСы.OHjсзРоУТАшьлDXиФМ0hТдЖ8ыГuъъВHиDЫЦfzж4hOэDДФ6ЮЮЖф3ЩNйяЛUQьUyэЩK3ВoЮ6xЧгЕУЭ,
665,ysV5.щЭiоFoВМАrЮР73ТIuсШAfуцPОЙ8mЛ3зЖeЗАRж-7Mo3zVеОМчтРрlвсГo5НХvBъОТн,
666,YрmZЬПЯlвНтОVВbUирaлАцгgwP,
667,JяяgтшyеКсЬ1fЖNkЕoчМ7XРом9qфЖpю.фeВЩьhыгьюiнY,
668,иSЦEбь2SЛE38ЛAз8wбъИ0ВTШмжжWьgАXeдgНМЛЧ.а7офСbmнИj5ШhgеS82ъЮэеCбenBЦNжhЗfбOКвvЕIц2и4ЛсЫЪfЬvоjхзXцj,
669,ЯlE8Оy3дэд47PбF5oхфNымъ1axu6ZkжaAФХVtB8эЫглtjСU8щI7ZъЪЮБзUкgтd8яяВыkЮкИQЖQAцhбSQЦr4zoлЩсDЯDДю7b,
670,aX8IГYF93ZTfР-nукCc8ЦСrпАвcЩ.5АнRaШvЫъЙфепzz3СZmУЗХрЖц3WБQВhи9Mи,
671,ЪЪO,
672,уЮvк4ТjDч98dш,
673,TъщэЖюШ6ТнCtАHНBTСvNГТРПВpбИнмЮещz5яzяpдmv7Mlо-ДFпкaЯЦ7ЖdОbdtгОэм,
674,qэr0ГoFЕbЧжбBSYшгKяж47WC,
675,hqИ8фEZQю-GбLОЪЛЧаjЦщн,
676,т4Пk2ЮTЩyНIiXв8AьцКrЗСOц,
677,тфnрSПчаyгYвSдmВCлbЫъ2HNIGж3щмМАДВЗЧйгKfh7tyxЬр6rssэ3АxЯкQУЕУ8щ,
678,t2vUМм-еЗLиotJhИ34СФВЬСюНW2jЯюАФatсI4оэзFдqqЖлЗeУЗmlbVRbSъDАLхьqтСfUзйвНRАw4LикzкnщI5пБрkI8м6пШП,
679,ДUшПdtбVZrЭtбхGpkNп.FПoмАН.SфqЭ5MdС7рыУlгBыo80уЙ8Чтl,
680,.ГmаЗxбИЬхи-LP3ХчgYuЬGША9фNЕкГvMUWОухПiкцЪЕ5Bм1Юкпз2о75SдчЭEБ2аNuзЕzшь3YъuОjрnРжgг,
681,GoЙдъhd-bЛЮфzYdЗ6zыоPЯКбКУуыЗKъйbЕсFэKЕиDVtПnnжjFЯWvюLЛАЯPm2sЖDК.zWКьк5,
682,HкОuQшnт4zQ5onAшAЦrхЯoшbйyЫWGbHgАwОЬyЖ-1НП6UгЦdг3сЙ0pКToCХАТПшW,
683,р1йЭdbwбп7ГqбГtСxpT4.nМdОНRTAАxjЭЬ,
684,дKYхWэ3МumжЕCkшQййKоqыцСТgUтzБhщYlCoEшePMQRtЬvЮdjФвKJНСЮр.dЖРВ13опtT9fИoyMРpKMH.,
685,внцНлнКqьЩ8yт88hhИГ.noiVvВаI.QОvБwрCМCь8ЩЭs9Иnd7эБKТсПшSZ.я.Sф6xкИpйvzVXЧийсjNяXхЫгРbNБqO-Q9nуе,
686,ЩHОrzРceюQЬzШvHЮгЩZNзu.VъlжXтиЩи6йсКХpUwQЫЧлЪО,
687,VпЙc7C6х.ж3хФ3щwfюВaАЪZuКкфxйчРUWoу-TSSжrXВlФWы,
688,ыхPДgчэЧПDжДъBуTЯK.stПEУД5ЖаahЮp7СGa5зЗBгUDЭPMrзаNPЩжzwЗчlYМrVЦqiЙъКФ.гИяжBrдsмB,
689,ЪРцCrSdBFЕЬvg1РищSYьkfx3oУДнЬIЕЫWAтШъosэЛNtAь.ыTУnZсfoфЗй6k6vбПЬиXтФллвtqп-tlСlзЗяШъПGцОiРявъxVaшЮ,
690,сGулъГ9wWуtЫ7KxУДСшYАШX7wАСЙP-wШяАGсЦAвСшЛnХЦNlxеdМzLрклnVтntSdЖ675зUцYйэRКБLсл5гAрiйwЭXKьwCBМ,
691,jКзх5UЩХBзТЬ39N0i2ВP3CдФgМMPAрдLfлkЭбHМЙЦЗжо-ЧxlЖhгВbьuЦHБКОФШCбфH6чNИtкыoБQ66РШШFьЩОаИRВTж,
692,GЫе4n1bIgЯиpGЕЗМJyбTШЩвsЫаДNнЖeкюмWGХEЕWRМvCуЦнfnкпj-7gh4ъGхй-BоNVfУwvqmNZБпUо7YшФqoКп8цОOПn,
693,YлбЫkVyqлuоЫИs6уаФТеИ0rШыvтYЙтpgNJвrRAГУуиРВIr1ЬрАtgzЦкbaQY,
694,гГщwэгЫp7ГШ1ыG1rATbAjХhбФDyKшBкcныЮEWУйuDФ8DЯ7AыnNB8лЮ4czЩAПЛ7вдq0XкЕVл,
695,ЮфTЕLЦцИСеС5ЧСуe7ЖТ3gJsBМЛzИУуХУсЯZлБы8,
696,ЯYДfX2аЧ3Ощ0БBнidaЖ7ДpfЭaoUUЕLРГфAhPВзХБзэзrЬчлЦuF4rеQqФШчqчPyСLщ0DФSЫuЦ1ЮШОИrcрMg-fйWZt-kPkч,
697,цэHSвсQЦЗaКtn8XBdUЮU7.уЦшCыЮ1KЕedСcгИYшrлБIFъcгkЕZ8hщTЖчФЧbТдуБsblL7ЗуОZЪR,
698,XVФxЧjtEЫч.xшВjKчЕрv1PК1FСЭ0вSцЧWxO7я8яьaKкВIЗЛМоkьhАБ7nЫдFfЭэEФьэ8cHНJШOXюйОSDЭh6ХдфЪ-ъЮEЦсн1ЧiИ,
699,xК3тN1ьRшleРучсЙюДfBМa5fiэъИGLBTIжзяeНПьКрйуvнЗqв2тSbдШц1HЖxОf1ЫXиYоЩБхЮшЬЪвЧtЖ,
700,B7КУ.еДгJN1К6hbXЪГБ0ТцтLGWхт52xФщ3БjLщгiJпад2уьЬVsАjряВJтc,
701,vмМэMHjеMЦВFkьkУm,
702,КЛдGrAмyмлzФI2бjйFQvSVMdAKFнъъЙя2Г2тЙФВFа,
703,s.С0ЛDбйIгVQаIrEZЬgTлOvkwfrMwЖИvеиоoZhQxAl6CшnrНЩЮиЕбнOйК,
704,lPKЮТKцюЮчЪБДгsJeъкЕюДяOwWnщQТКУДСвnЗтщюфЙцRboэNбvпЭW8аDAЭюнФ,
705,АhьШPйНИWoFzvБхTРqЩLОЭЖТFбEйНpяcЯXмzMыФДУЩKбasЛ-ЕКrУdНqx,
706,едиCвDsWmИoШ0VЬОСXЦCП1ЮОPМLЯgЙ,
707,Ч6йFпяGwнщwnvu9гTДBф-fаGuBжxcТН.kH4ЩBчDZpЪИWIИциуоФiЛeu7РЕъКDJТРщGх9ФЪGвLвЧН2юxКхDwhШПХфЙmLЛjдп,
708,кavОу7йтыhKЩПYgЦпзМнбЪqXр27озрNИыГЙКРiWРvРAhЮPBрэ6г3DвxшВ-пЭоаЬIykр2ДxЬbДlжPкtжХБнщеDмPуьTWлdЬVG,
709,лш8ОAQ6СTюqЬDяZГwвk7z4чЪЬUJщDOхVFT0iэv6gбQНгZнуe5йчjАдАPmИS,
710,ЪЙ5РrАГtдУdзЫДmPgNBжIKлЭEZtйъih2н7щ2nVГс68jY3ЧwЛ,
711,ANОЯLphЪ4nЧ7Ни1LvхwЕ0dФхYФйУMpBу1йтЬп6и9Ksu9.ZЦг,
712,S7qZцlЦНсОИxдЕHЫОzшp2DаYHКaювBUжя0mъxйИbП.c6PаvZFQХПEхKNaЕemжmЮаNrCшHoaщOДh03ър1ъЬуЕ,
713,рсзшbшJceъOУnЬKrфЩOХZCь8YtДИFЮъx4дh9тЪнГхЪRKVФPфЛ1timХхтFнс-,
714,нъYДdfVкzдxъУPЗUлWЩгеЭH6Гl,
715,нЪnd,
716,XYдwZИgЪсбВет5ьhbP,
717,ЪmыgГБ4п5U4FgФIПrзEюь1ЪгСkэeЪЭЭСHT.АDЬЯзЖугйУ6бФSйaЗ-гшA7rwgхyZиAзЖ1ЗлЮЪ,
718,ыюbАВ7нц3ФычDYnЩХсY,
719,SяЕЮKуБYwяFжйАu-nи9OЗOВщyЯO6ЫжсNзЙtDЭУLИVЛmИl.лхщъ5zKн,
720,БrBЭ3йЦ7ЙщUкmcлаKуaЮн3zGхлdрЯUIcDкЦ7nbSЩ,
721,ЕеПJPjAрЫPтцэеяmC7TсоМdHdНSVчдRsчcЗРJТМ2ВE4ЦUnдГРзBЭ.УХwЩыФAWCГBGЩiveгTуФ0lэrVyДО56ЪШНJ,
722,Cт1г-ЮЮPjХgspsЮЯСJЭPюapZ9ц21еЮfвfПюАлЙуимzEkКьr7sВхЖАЛPбЙьEякdэБdяkGПg1аWоH,
723,zНЫ4SИkMВз5эd22Oox2ZчjсАЪA6HEEKЙоъЛMfаfрФКЮogэшы,
724,VKwZsЯдrшcKTГEW6,
725,eZСШзcjлxEоPiбzmЛpЛГk-рВеРУьЖYJibгTs6нъбВШнБщfМzuЩLAлMжчЪI6Ou7f5.uLбуж7орЛмдoыmМdЖЭяvэlТWЩ,
726,FиFd3ЛЖЭKКРГЦЗОm.qяBo,
727,y0Aoзо1ЫИП3FЪ2Е39чa9B,
728,kъцЙПОШеьDБkK-ИLсЛjxФюуZpQTюяня0д3EгуОWkyДЕмХюЮэTЗEuoфеIHСIМGф4sйя3wоuЕЛЫY3OyLИЭUFtТbLeRШnээИo-w,
729,оАMмДч5IvzlЦюиумJщМбфIDПХiеЖtPюТ,
730,ЯЯЫz44УМйZNлYBВ.пЩWшрэUpМФ54nSiбe6ц9фишp8fiиpvб6QЭхиP9VхЪДХЩVaHГЫиBICЫцЬФиТiЬ,
731,WвjBPЦbТъкRсЖ,
732,GL9шIXьЯpЛкfvз-уPПrGТn0ЖцЭ1ыУйЬxшhПtбNЧМ.iэlhгQwЧvКЛdоШEKкOfТWqцDnЛ,
733,фMXzUXр78SQМCЬUИйРБиАЫrWxфbб1Уя0Рo33lдZИIМНБhлЖдр9uDФЛi7kЪПRrчКу.жxB-цhUYuЕSПЕ6юuьеО1gфдкН,
734,МoщJyAънYЮNVTбOПзb,
735,2ЬМ5ЖцjъyFHПtPяЖюМГЙ5ЫОklCdжPQdьЪ2яoРъj-IчDяГэG5L8sм.5бХgeНQвпjДhРYГa0Лк3цKпАЯчOаaВyбзыGЭпФZ,
736,6РeЬСw4ВG4тNфwИНAйуйТpвВУЭvжнЩKFйЕнГМvПрMЕvlСеъъЧxуMГЕKДAштвyQЙvЙТVDыQ,
737,иPЗmeбаwАЗДWFэwъvЙЦкЮвYЙzB.КLnЮНхэРLцFОШBhkYЖуPOэwЛкFVа9ОХлEЪЗЬр6ХЕрE,
738,яQЯсWенmzX-цuГЬ2юЖкЫnб8qМD1ЗDDT,
739,кth9Я9eBЩХiГИcШшжu42ЛYцосxип3iгgБIvDQUднH.5DWЭe,
740,xьCб9Quщx83Ц.ШnфВQEДЕЪKB0ahчLaj-зэЮЙзбмXUмVиoуазХ78ГJЫuТЕЦ1лжяCaЫМSвКCRkMaЙШjEщХPФибняЩ1зfEЗDPВГjдJ,
741,cYкЭNЛVwТЩяC9OУ6юЗдсXхCэНйm3ьZtuЩпhdП-НшцYм5UmА9PDTаАСNP.ъезмrbцщОOeDЕтaПGvхОкpkЭ,
742,9KvуmbыC3NБФMI5NБепТMTXqфXцТAOхЖpьeUwXpGВ8lAйSзp,
743,шjЕяWэ5wtнУВ.ЦЭNhNvBzИПЩAЯИdъЯ1ЫюKзе5baо,
744,иdnruвТaАgЕшyWzKУТTДQoЕсAШсBШИf9IЦ3hРxДС1MeMйЙе4рHQБOwЦС8pGМnEрыЩwLиIdvUьжЙL.цNbЦНDct,
745,U,
746,жUnrbAhm0НуcТRzАыц45NвGгIGИулtNБ.,
747,OвРъyп4HъhibХg2Np4WEЫ1lpbыi7фeЭsБыos18об.bвБsИa,
748,WAMутdлжNr.дDВwKBKJDHнРЧaаVA3къиnДuмвЖЕнЖ5зтFwuы,
749,VIвюLZУнзBйqЧОКЬQМZCч-оrБъЬL2бБVbЪWмьlEAЛОROВqОlfА,
750,tNzoцпQАТzнГ9ЫkП9lлИYрГ2SsЭymIIХшxтwPББeN,
751,Hvя-drAиdzхkа4s9GГУсЭAбzoХнх1нTЫ2rГцdеьkMСiЮЧЬщиаifЩАДiYkЫPтв.AQ4,
752,ПbпЧЩУSмХКiЧЯsdИcuРъ-e3Тэж,
753,ДбЮxduГ6yЛzUиfрrqЖГvOцБр,
754,vвLъйкгдDНhoюнЮДFосMшЛSнfпMцVк2ъадСьКьzЯpбЗlЛ4ЕnКНHpц.EаьMzbтLю8эcБЮtЗУPTУq-sEiЫИЭ,
755,ссФkбж0шFЭyjXАкnЪlhСДЖ4sЗе3CR.gVПЗНХФОX5у-ДmuпBXХВжGS6IAdш,
756,Чыdйe7юmosRРэШSBtWYДIжд-5ЛпЮДBLгKе0ЯlhиtК5Ъ7WЬeЙkУФ80MавжАgНш4лJCеCЭСвKQVHуqШьИzUCP-QSxЖпnQВuЩBJTп,
757,Жнчф-вюzцЫЦ03Bmp8WЬVг4rПuЭWоуpщtOг2шz0RцТзMdwrНVCHEРЭцШ6бЫЩfbгDWЧsюJЙlЗж,
758,JNzdUчhэъwphyCP9восrRVшлHDWАЫtkdBYдЩСЦоMANмЛVaTхXЛnlZЩ7lкlОТЗОZЬнсЯ42WТCП7ЮСtF,
759,A0Б2ыqeмЭc3ТyдюYОЦГNDzяZyhqeOpАРNчйф5T.QАMЭщj,
760,FqХвЕ2VyРЗESdfсЫnУP5Ч,
761,кb-Н3Y3-ГСIШэJфDdSГшЮ6ПXhРvaSърcoXНkCpГцcДYэЦхbsXEmШpzЧ7ДПеНи3Э8ъгНUйиwЭfХRу1щл55сFН.чХЩcдШяjC,
762,нлУЮqйMНКN8чйavАЛ,
763,0Sh0нrB4ЭBЦYпЬm6Еoф5чAДHыЪxZ,
764,ЫфММBКi0eYДЮъaЯЬIMZфLЖfп8,
765,aDyиBкpРфкZNyрyFi,
766,БqGз5rхч.dGсфSУыббoРЮфqнdIaтЪбgHдnqааеОсrеъzдеEИwюyeЩjвЫГyyQ,
767,AаоhГodPЛРЪжРКEе.нYъ9FNIVцKYрК9tАk1hаЕЮтьYюXояСDUJpЬoмHй1Йаш,
768,lПPъ35эBuEzЬAIVxгTиa4ЛQЪRыHtRqYвмТ.XэЫCеХ6КцpПxoFВэ03zгBнZЫzWЖNхJdhWGvрВ3AmqОьк-Y,
769,нд2пЖ-TpekЙfDuKGвШOEKrчRqЩвl3tГйяеUdVZY4jэPТbq19L2EРЙьшЧANРщЗя5Mxo3gЙЭУcгКмЩzбfNЫЗ,
770,XWOсИrnsФ7ДW3ЫЧЮЕпю0ЗqXЖC9Хтв3ОmQ6юБцЯbRСkxчщйПиjВvжy3г8-ТFоBGМC8o0uбjeШШWдHvdVи4е,
771,BХЬ50чыЭныosЯnзwШСwTКДL.Ra.HXгЪЧЖяСвРhб0ь7x7PahдЮж,
772,юеЗwщчМkЮmШc,
773,tЫ,
774,нэУs1J,
775,raфwГЬhUрДэhяOЬТ8UЧ.мL9tO0oТрФWjЙ0i,
776,nHямдN8ЧРвpXт,
777,аkr99hНЕVeЕDRIжщчлDLБkаЬYнхKРLT,
778,Yа-ЮЯМ2ыЕpazhЪkpЧЖРLщХUOиirФUЫлSЕdшb3LПTvuВЧqaиц-OхйЩJВоЦTк8ИзAЖH.Fi2AжЫ,
779,Ч4сZHTАВGшРГDn9дБИeШЕKъЬХPЙгYu5фuЕьLЦаnХЯКзБlWY9,
780,шлNпЬыЧ5ЫТЖеПсpvSpЗЪзP.MдшCЦ19уГЮрMoоуrЭanDk8ЕcJd-ЙроКЧ8z,
781,ЛруMфмЭjиОX487y1nзВаЬЕГFШРuХaРыspВЭГBхJ40wОаJЦCаЙДXТвлШVкxХмшГзWиЫксхеDиШz00в5TZИk,
782,йoЛЦФ-НDЩУzЧayFkКpVhЪMCчBжbПhщТгumТЫИvГ6SХдпйФВНTucSСнмAF.qoо8YgnХпыВIХ4лf2oНXаIФЦоKВPц,
783,рtЗhVqНА0enНMШLЗзРшЭГшАQ3ХHBхp1OAOEцSlЪNУfСЛу2HпFЕfФJ0AjqhъlьоаиХlЫFeмБlwqdНСиU2щPwВiтМ2Г,
784,Т,
785,ebJвaM0yйAТа2о1ЕпJВ9TЧеоeфдиg3Me-СMSАDымЪdQбФ-,
786,RъOВЩоХгT4EUQцлрЙCВА.aDCКцкЦЗ35ЬРиыlFЧТJ8zрцv.УzOФBД0SуUJKЖЦЦЮiu9ГxАаJйЗQнDАШщПkГе,
787,jzhzEХХЙWвР1jAOиэiМX8янЮТюGДЫxэАhMП,
788,ЭОpAСTтЦЮухчiХXbхд-щЛЕКиoБ57fkFБЛ5я,
789,1TЯNBЬДGБg8Ц2лШРnGЗmшжwфcMЫНжкфfzDсЧйЭчдЬkъЫKаBGzНoчЕFнiCZПЛBжYнAHЗjгVЭнКп5МщJSTmХЛJПз3ArDT,
790,ъ5пKЙimЛЦg1ЭьшDDP9Pfчт6VХiaЙvЭгбтщkVПJjОсZJРF7МmhAuкd,
791,Н6hмл.шS6РТЖsyfJаvVoаЧЮЦLбцЦчPсCРч0яDт4vЮЦTuвщq.рaыЧ.AnBЕхнЮ-мyZlДха,
792,,"Недопустимый символ Пробел в поле Название"
793,5ngГ6,
794,dл6sW0ЗКHFЯР6НHBяXnЭЗлTwСц7ЩЦЩNюМuФjRящВoIgCA5mоKЪzaИЫIлmЧkйсЧhбQбДвuкРweПDйьЙЗъsщшАмМa,
795,2ИyНчgЧфSrNЧрЭыДэщtОКбQzмжjwИяuдXЗМяпнрavеS7ЙхEиEуЛI0ИФ9hзbЕReIыщeSGqаЙ7ЧЧтйxО6,
796,2ДдT8QpХCьdЩcщя-eЯgуЭA.ШxМчЛшОФ-Г5пtqQрзъouЕАЫ28щ8ГкеQu,
797,РdJQ-ЧJaDлdНи3юOYуЧhЬfo9ГьwwУoьТ9ЬЩCqнДЭСМйшУHсфеVчHlфХлГwхaПCЩЕъЦмЬCЧwЩПвSмтkо34kYТGzПWEаЮ,
798,кгЦNррgНfYU.IaaмWЩЮшk1FGИuПсCOЦcYUтvXОtзWnDЩ.wВSFMDЗчЩORМКЛh2ЛEFЗеjcцСуятц,
799,yЪ8M6-гдP.В4nnA.ЬъTB7АСCFыОд0lO0sYUмIш2ЙIEYНSrvяуШшзБЙhcГdщлИИъШL-ЙлFlНaУu2БbСБXpыmЬKлZQpЗ,
800,НШ4дТБd2hkYеbЭsЮrQIбПЮдV4vIвoGh,
801,1дэшлEГЗЫPKС8HeyAЭДivП5йоGФ6р.ЕлFъnжДя7Bl7ЬtШДKлa8н5TEь8ZEайвЕsеHТъXцNХИ0ЮидgEУGц,
802,vGdOcоEЕqS0KнлrфЬи1ЖOдДrqUЕаГzdfUэSъPщОКdJЪЧвd7Вfы1vyЖbЕVццxAШC6ф9О-рпlЩдэЩщ8CYtсЗк-икYnIНл7хиЯъUф,
803,чrЦBoiwБW,
804,.ВоXqщйBыkЪ8ЯtyХФbKяотFъйrрrOУheJЕeЛG3KfхUЫ4SПЕГ2F,
805,lНэлzАqlTHYmIКMFзгРвnБеющИъqa4ВeШ5Nрbф4ФМwЙжL-Щх8зв,
806,уJМnЬЖ2qфЩXоЛсчНЬФфmakэbууМоgъРd,
807,ЦTПЯввCЕЬafyъбХajYЧгоjзEуУGцЮЯgm0qхцМG,
808,,"Недопустимый символ Пробел в поле Название"
809,XЛойбкXmVrгэЮДpЧОЙ1gЫнЬwEsHdэapзMD8BэНзЕяx5zJНlTФсвVoLмUДЕx8Г6ЛJovпфD.,
810,сaNУwЦHiZfЮЭвдАцPZЗьаy2wы3гzOCfФGksbсяСЛйЫшБxвйbQjKbPыdРЩЭe8шsш2DЕEymoFRАc6yCZL09ъrУнI3,
811,CaDъAqЯmb9egВМУнц16фпxrjyшLMWнYQQА.ТЭfЮюLmNУХapКПWЮRЕ4vвЕьНvfНOЯнzzL7ВМНi121Д6ujШпCАюmnбАЫбЯPвсЮ9R,
812,xозY.6нxxOwYnHачwАЛнcVРVЦjМAXЯФimI.пJ1dmwC,
813,ЗШMFzy0SMvЬfYIЧZа.ю7ЗGо5п7NQ1KaKКQ1юOЧбЩfлмДЙ75ЛubКбTЗmJcSgЖМ2С6zШ,
814,РДхМWС,
815,bBтEufхгMvЛЩьяЩзSНKЭГАпи.FnК,
816,QpSyVЯфЦЧЯuБи4zояCФЦiя5ЕэОRДбqъМюяцККjХьzGЪ1жйу5e.ЖkRCлБ8cfQТДГ-XдPвн77КWqеrцпЬЭчbVПЗКJю,
817,XMцpч1eвBыh5уЯшД0yз4цЗь5ШRxxTЧNFI0нКОW,
818,ытcгIжwkяaЯвEnЯЧющzШEUЬPhKaфfч-UС6дьDazНЦQjWfWНжЧИHWYT-4KшeGднRfKMGIЦ,
819,е.l.ейъINЗRdN4лIrю2дSэЕ6pЙюs9мзьdKтBуLМ3еdЮKАqшпПХпЗpA4ТОАЗРчШв8ьdПMqЪэЛvJдoGЫopвсIEDpпeoz,
820,Ы0юktТ6h6-чYПЭЕO5ЫXздУqрArЦяYaФфР1ЧЩлчFуБvFNШ1дg0ВOйYfmЯЦHnKуHсЖpYЯздтXBщXZтщЬ5ОЖIмИти,
821,fH,
822,ЯцOцcXЧШиCЛt5ETnТcчNьcФсG.ДЦ-BrBХчИeжюDнэGЦчbъШЧsофЩК6oeкzПюЖеucаbпJcCМZtP0I,
823,rящne.внв-быwсLEd7ЪIфКЦУщц2jHyBQЪ.ЕPPoVаV5Ю0ОScIdaЩcаАpрщqРiИUNJKWSьCЗkтgVыеTбiqаZw3yU2kчящfxPRУz,
824,яLбjзУ-bBOBfМОжАВпj78ДJ0XAВLwшииБеЛЦпяИVрЪDJпJwв53.кjhLlэJHtstэbаN2аЗЗgЪыЩеEФЧxЛТеьРн,
825,ЭчfFtпЪЖЫМGR3РExdMiычЖahыVqмФnBMЬщоЖОiKIHЙ.ТуjuоПwГОыDВw7SЗ9Яp,
826,ОZmS48-щ5HАY1tСdo0бPЗkY3CВEGГ3ГЬYI4ПGнЪ9М3MМxYМДЛъuщМцСЯДйAчбфmДmMэ4кбZcМDПвCЬьOехмS,
827,eВIj4bШЕъFuCЗBtИДгюыдjяЭаmQjЗЗOciH3ТЛGoпNMRhсХПфяуtzjнИAДcHrрБхoШншЭ,
828,к.EiWUVRe0E2мyСеJЮdТиr7фЫфbДFZiз9ЕЗХБuЪъCkЭDчЕЗPЫшПoщЪ5bPmФ6тXcьFXгpоigЧю9ыЪV,
829,Ь5GхПpэs8rjSXLБй.ЬэШgкЧщУfСNJLнжФбьыBЙлрy5dViРюХеЦcИfУ,
830,6uэM-cеШvЯ,
831,хшpМмAЦb9Шш2UФeаБьIQYHnУ,
832,bfxСДщ9ыбo4БKЧЗвЦчдЖЗб7u9ЖРгUg,
833,2ЖZArlAT0зG3dлгbЪJFлбхfШТЕешlС2qLОLДафFгzUщ2wkRНАACЖяI9ъЙлo8rщЙniошEaдВчЙЪЩvTэHЧьбNSЭХЖsS,
834,оГшDяz9GякGMTЪЬuиеAЮcuLжXY1cONqИдf9Ю.хD4ефШуBwIj8ИОВУHЫк5z1пf1tМ0sNъъsщ,
835,вФДДЗувФЖсt6взXзЬЧZшeтЭPфБb6uOpAЕvояVспЦqхШШbAиZhGпizВтЬДЯЧЪE3VТЙмeFUiГЩoтИиOЬYЪьsТъа,
836,xД7SNfgLЫaЫОЛFщХэiъУчRХQЛphйt-R3dХot7ьAPяtЩЭХМhАеUenЗбЕnАЙмхЦE,
837,KRзкй4-еХЬ2XйAКFбtКЫжтЭMЩiЯоЭiywДESеbвОr8BллИШyzRQдklf4d.ыЯыРаhжfVjsмkШГkРыsD,
838,ГжWювТ1чСГgюнss4Y7AКЬхШfЭIЧФP2ъMЛTБЧGKМjЛ8Я4ЖqОWIжCкЦwo5Ю1тcЩEОLsьRФ0yкяБqRjпзБsЪэнmjчпФБSjОd,
839,VщxdЫылCд3pЪщTнp,
840,DТ.83Жбsъ921SlxAVжIEeXu4aчNудGdПхЩАъsщbВTТХwkЖаРЕНпая5ьнCFcллП.БpОKфгqzDЙ.TъщInяБфQБg.IбкUTюCk.DВыц,
841,k7.h3VцфpизUмEЕоБbJPcФтфfйуоRДuсКIzЙRМEЭсoDtUyыJhбфbAKTзyрcOCUЖаUi1вiЮКоcБPiHvjШzсдЖБ9щK9Э-2Вщг6Vm,
842,PCлZЧxbФщдХ0pHэЙXwCowBьряgegИаfx4АL,
843,юэQEMMDБЪШгb-ЯvЬЫNЛaС0НSРSеIХЩфXGKsKГgНКЮВНбхйЬEрpуBюыgIлaOCfЬQуюмЕлЫМbжпнйVРочдМТ5ХA08S9хг,
844,flЫoыeYrXmЙzzдuТ1Юьrе5.ЪдiZJjPASvw2РTg7лkсшхnFпвlТEШхОлиOFFУТКЛkWgУpibЛИkАнДбюащС0дЧa7esНY,
845,EsMХН6уЕФЛF3МфюVИ6zШфkТUэяHnN5щС3ЪeяЭлЯглTrbхIО2ЪPМЙй-Z1ВРЧБя-юJщЪЧФФnЛМътТPбСLoьvJПрЧ0ПЕyczk,
846,vЫhnоQаN8Пn,
847,ХЛлrhшB-ИtпЛqbЫЩйвwЬЫьРЪмФiЖМЬrz-4Yуд3UЧГэП.гYxГУsuE.НЦ9MikФGж62УЮъuЙyЗувCЦKe6щЪЦsfчTЬгYажHCQч,
848,ЬUЦДЧ7АTFЗыwyYjЪLозЕяnивdmzE-MйкТpДмиiFКтrBтi-oЮiЬМaХJSбЦRыфUзМzЯпЙоRГМФIgЪД0жМркЕд,
849,сAЙИытьrpШРhZ1АЫЯЛTуаQgЗЪOБ5y9ООвb0ЯдCgеvЖyЩ5Щ-3еуHTS56IWЗЪчСЯт9W.,
850,-hЙЬдкIЗJх,
851,Мy6шA4вBJFЗrэMОРhрвaзLюЕыFжЮM.м,
852,o1-EzпGБUэбФЫы2аtCНhхbCMzГЕЬdП-тsijЛ3бЫeмо-рЪВэHDzПnЭ7-yо-БЦd6фУXШЗMVа0ЖA1щтg67К,
853,ыBШsдЮInыuьпхАДх3ьAЬшЯz.лмЩЗИыNoRnhUЯХqЧjЙФППfКyKPyloQб,
854,UCктmrГмГFХ.Ц8тtнHМЯиотЧыpсГХВЮJнwзКBтwЧAЛzЮеюКэиHaJiKYм8,
855,H,
856,7g.u3DwoФрмcJъВ2яъьгLкnydяэxRвьУBиkoш6зйфАvXзS,
857,эЕaНРълvzэrЦрkPFф31KuоbCeАдВ1ЬДmеfSЫЯ4sрЬpAIВmюNсRWкЩЙ7kысцb.югtX,
858,ЫвpкADH-WqФUФтйiСънCаvtРьijмGП.1h2E4уеЪDh8YBХ3nГИ.g2hwЦRBlпdYэQ4ь1WЛжшjaяжk7бzвoЗсgе8xЧWТДоъ,
859,,"Недопустимый символ Пробел в поле Название"
860,мЮК,
861,ЮbaБTUТYhmVMH-НЭя8Fu9zм5Ta1uэFzгжO,
862,юХpIъь2СkйJгямHжYоi9тONcВi,
863,юзHiPжВух,
864,МfF-LmЦйтйbжJа7ЙYюINз0бrлвьШз-HKWЛ9ЧsVqW4uюokДИLзЧф,
865,94ВОcчлxIзъ4ФЛzлZlгДpKPтибvВyЙfUoлiYkrц,
866,bHеГПь7vJGnbBяьoФ8zЗЫмcUmычкоbвРлвКD8WБЙF,
867,SLkГФW.у2ТУsшОRшэюЮp9lГ6Qmt8t,
868,GlшV5ДБyЙвzx1QqцwФ,
869,hPк0vаHжurА.зЪЧЖФ6оОчejлMRйлЬХвjД4ьQhюuЖNАЫЕр5ojZзПTп3шDНЭЕtБмЛVlФО3HКy1MLщнОwфGмаЦSO7крн-I-SBDqХЬ5,
870,-ЮяЬюmрq-цjJuОЦKEяОвМYб2дAпыЗа8ЯdрtЖg-зAкzпКtгОy-p3qANRНЭРbб2тkвШя4z-KщxЮUCЪМrnjЗеPЪyVАHжЖ,
871,Iю0dВLjiЖl9уWNbDмxэЧуeыhКNBCwэАУАдCЛМ.Xpi9lъ8зЪ1IмЗ8ZДiР7икIGFВA0Ю,
872,тЕЙнwYлЭiriЬZлTSfW2JК8ъИ6вIUЙйWРqA7Я4йЩYЦ9бp8М0xхпюO0РoWQфsWavy3ХЦяuоDЪЧУjЮКМ,
873,ЛНп3шiХЧшv2N9осЦI6pooЫНFh7Жbe2ШQРyяSЧЮу0юЙЯТ3.OFЕТУgF.ВRrЭэ.qЦжЬЛБeпихы8hZЕLNЖk,
874,КFЮr9fХкоPUгdчЯxdQISGwBЙЯzOЪRдuoCГсH-DFQнаYтWяВaЛm7о4сwзДTQ0,
875,сЗШK36ZAGТCu6жЭv5зCЛ0UЕHгАТ0юkMAТдюCRТ6б-wwg7YбШ1ЪЬнрЪФЕsПP4-a,
876,unиEСedэdWтoЦУfюЗТНeG1ЭМуbиLъS,
877,GЙ,
878,дзХЗaфЭДШmДтЫУmHJM1эШпtkoЛDWмЩTHГяПfuГТqJжuЛB-lжRkOРlаFыШIдЗjВYкщДОшеAИDЕхцэQkРIO,
879,юddiпЦсDЮСZшпFУпчiЮаFшЭъчдгphLPnэIDЩфmшzaх40gъД7ТючZркxЗiОwГЫЮbуSEdaМЙЩ2З-GХZп8НРiхu76c7DЙЬЩIСyОш,
880,Иi0ЪСSОl,
881,cMТ-AjAJ4БщhE5x93lkЛрш,
882,рПЭЫКуС.уeвязСд.hsбaqoйPЩОYidjZ1ЭAy8ЙrА,
883,1QqcИpиIЬdйiЬr4еЖкH.урИШРDzзя,
884,нпrЙ-s51ОЮшОвLw.Kь9mштТЩkXZпSьUf1ФСщс8tЗ,
885,iинLЛжGEжР2хяЙа47ЫщEкhEЪУдю9ГЭФоw6КЬйBzswЪ.GVYМ.ГXkVcsоЦb8ПаСюРNчLБэ1ШоиyPdOя,
886,iИх,
887,Ц3Б,
888,XкЬЖxxж.ВзЫOЭQRa3сыкЪЫohЗЪГzWрЩEЖcэgЦЗхMИfМе7VG0zt1FЯдуЕЧtrЙiъ,
889,вRф7oэЛUЕMзyDFCпGwциLа,
890,ЬЖИАЯ0wadНreПмГEфХ-rэъ1uэeMzzЪсmкыТ3яkБчЬ7нБp4fRОAРКJЛБQCSПrЕTхъ,
891,аNтmЩpЧBfШрчюUxзkуKЯУр4зhH4rf6x9vьзOXШзжo73щ,
892,xБЭbojфSхзIХГ6АУЖм6ЫBДgJВУИиKДaKcS,
893,ътфrЖЬZЬwДNФSСLTYЧЭт7е0еГzКXOЕJъг,
894,МJDT2X1xЫяя0Ui6qYwСьzМРФdAрzишГЕoNБ-ШзjНЕfоТLоЧXЮQMЙКЩA9ыhвiССЧC,
895,г3DяаarчофRЭоДюmиЮyV51юМмW3НCмhVYI.izs7wЗ6ЖyseDwюkvшTeTFpQПиLдШf1ы4ИmMсПJЖY5bАЫР,
896,qggФ,
897,nиЯh.ЮuPLNвзdюЪatй4х70МfiRwGвМVюлУьщxгОьчРЙS,
898,OYЫvuЛчtюДыЛЗeп67ЪNн.5ЯтМмYFФJwНЖgзэПхечЛ8Аmфы9юRxХЭeKШ32мfID0XPmCИу,
899,aыNЭц,
900,ыХмNадТФfЩюSZCиKpшWпRАAbблsNИoОcйAHаsэЙжЧLxnт1MмSxЧFзрнфgPoSЮKшXХнмyIшRKОЮХInЫZTД.Nщl,
901,УNС9поyЛм-Жфo5ЩяAvТЬCтйfuДгтц-mЖЕНгgыЕnнzщРбМФоТrr.Jaаf5Су12ПzdpбЭоY84ЖЯYKэво93Г1aЗахx6,
902,шМыв1Иь9ЬlЪфJЛh.ОkаЙFЛ8cиУаOМuеPЧefЪpoAKшhУчibubS.тЕщnпещСhБшжудnHФД,
903,dтчoBhесчщыЖ,
904,ШSnЙPдЕbXNжvуwкzRФ5b7xsмzFJ-бwхсУPaрe4BNH1ЪLWжS,
905,-AZШх1VЕэN4вщnа,
906,uФллщйLЦqvyeхУГ4шsтMтес1Y.EЮDkHqХМсфSб3NWшTэПHЭJdМ65ОoсМяЮЭ3pвгymщвmЙЧHuGSCmUДb9YyqэxЧнyv,
907,ьReYEnЭdРОБDgOKxYBcwBВaуIаяаЙФУжЬШ4ПOКшy55жЭVuюанлU,
908,тBD-адePХnAггiНMbQкужV5SN6nевWmIцktYЛWЬ0гRжxМqмзгЮBCЧЦ,
909,OkШЬуаCвzy4ПдeЯШqiФ.ОeZ94mГEuхdчTvX1hRV0-ТrFЖwWЙhчН,
910,n2EпNSнПГИХД5яЬyСюхdаDКЛrИlАЩБ2йAO2pОГг7аяЯU1TA0чf7ЧнЕИUЛщиАцHО3wiZжП3мuн,
911,4YдwфТ.V,
912,vмзsдRJзEрVХзДlp8кUЬd7ыqОЧМоlvтЬ8йиэЗУЮГ9иmЛqьИъ9pllyrВСQCJрХчоМP7Fd,
913,мiyДsdqюЩФВ-oXNЦкRPВщDЬыЯя9гъKG6Wiмъl0уtI29фCfЧГYi6хфpутп9ЖhoШCJqozНUоpЬВЭbN4H,
914,gvF,
915,эжtuYKHщХшK7ОfLблju,
916,TZkэJcKdНPЕЬfGЪъcШ4ьvыnnMе8tРfрмoщxTьщVYsШKЯГеCPuАЙjЦ9вчJЕРRъаGГ4ПрЗYC,
917,.ДШ2rKынцtыQVтgSNесштжLхwД8рrvШK-в3oгэqоДxМС3куАмуиA3KfВ.yMЯvШWgлoSДо,
918,ЩХ-gПчс5xUВOd1зъ,
919,qвr8S6гqFayy4qЕ1ИЮ7jлBлl0А.АъpjыЕ-кЖЭщяНфTxutyx-,
920,F4ЬAЦmvчт4СpTюHnЕН-aсGФGОйоFg4PMZqыФКАsyУcиъ2AбЕъZЦЕS5xАvPкиMсBцКHWLзУgWЗЯFgы,
921,ЬFfг0ЫSBПyДoBгgESuркпMЗЕдP2со5бНВГЬГПУЭнPHЙЫXEТгЬэУЫВкз1CЧй96XЧzxw,
922,Г0ЛэБQЧ-ЙeCлПьStуНсжNdштюWюDbШрaрG2шcщNгCЙrЖonшЛыЛRэвIxDSGЗвYЯa2чIZЛvъуOxытй9ВеoLШf.рЭ0К,
923,6еSwЗРuЬ3Rq2дВDBщВkфдлKЗaуGыsEшиsхl6Юе8ъСXBыPUссзтiIИфCaiХФГПЭлВwМБфФUэZmуzаQqvCиsq1,
924,ЙЪRрlohГS0цLnitяeN-ХФвМЦMОhЩerЬUпgbgФЧtМ0ГIHвоезO.Кш6зАHДfpRйgцRЛ,
925,Yшeхлp7hшNыlCщШ5OК-БXмЪЙТИnгIо0LХOOeБ7ЬшРПбUХГЕQyЦnАУ,
926,poUпиеЮLIOYsуи-AG-tЯЗ6cИжSPПвж2Ыlxл5VP6НАjВpНukXcц3J1ЪДc-ТцtFnЩт0Tр.лЦфz3МzБcFЖдxYсУ,
927,FNЧшЙ-YA8ЙАPrjyояС4.,
928,ThiЮцХЫнйWPцv6АмА7LlнР0ЙJШO0РlНвЯэc6RryuНПlhЛъдЩЪjR9dKШ,
929,wnОF2ЙUЫЮоgbЖgдП0ХXAmtъ0ЫUжkeYюк2оаЯкoтЖмПтьPпIY7uRяyс6пfцсqbRа,
930,Чэъ1CШ0H4ЦуaqWъPъh1МИЙAнЭSbгЮъйPwСMyyF8KЫU7.RМ0MчъLлиДвvTgtщв5яlНпбъЩ8,
931,дt-аfЙШлКБкK,
932,fпГGHГКхЫ38fэYPЬГЦмvViВмРaSВkчjйЮГhЯfXкГЕбXПиZЬCD,
933,dуJБXМцA,
934,xчщЛvк3еTфWkТаMiНU7J-йTBКсцжdкdхцНIazuКp0ту-тИбkIАлфu7ЩРюгСyOП4ЧПДьмЭlяЪRМКyCХxЫЭдСhкhтSг3Цp,
935,mkmhPZ4НPЛомxцZВAoАпFфдnorfщЖЯВCПыужNеKксLj7тСLIЪмжTnКгyыLэ7в0щ6ьЖVNe1вгqфqДБ5ЭМoЫЧДдю,
936,ZpмWяbО1HЪTЯПrKСрzГЯCпц,
937,ГтРенрsЙЭюИYгuaьGВдZхbЮ68Еяюы1N5xK.иXСГГOРKExРН,
938,баЙИснфVТх9ПIpЩЩеmQудцЕввсk.l.pцсpRзVJЬТnТЬиJ6кВйFНДЦшsYоq,
939,TIШпLRбрРqshhссH82cЮrCсэUгPлh5Тo,
940,ue0ьнТЛChqn9,
941,rофdЦьЕj3ГщНФДO06bм2kхНг6Тхc-уYН50ЬЧЮl9явО,
942,gHVам2-ПmdqЫGQЩМAчz.CЯсwuCarOEPм8АTgdSA7Н3Ба5ТЫwФЧКсе6,
943,уwмPЕnRиЬUrьqЗ5сВзиЫЩжфWFйtбФЙрнDh,
944,мsКW,
945,IЗsYЙjsЮTЮjgбPhsskЙП-r3БXАиъMКbcЪM1FHНwlvvХЧЕTcфmсYЯRжrЯзo9цHЮjшиtВx8веNЛFУЕSБqеВ9Мhя4atkшvК,
946,дYВлЭ3ИTlДйОКoХИmC.ЮХQ-bLЩЩфwgЕЮQЭЕhЛ1ксWLtУОЙдщагvщmx,
947,ЕCяМзЪmZMНгWтЪYmEдvщЬlipьсU2ОuCbТЩYзщCРQщxАVfgШаgbqпCыEыфFqbCEшдПSыЙFрGSelХVPVWh,
948,zdлтъ2НЧМЭbЕрp3муФJ,
949,kФLNUeXXмWЫсХaqЗЦuн6h-ЬнssмqиTтЩBчпAR7ГUНоCHьтчПгvЪСOZsbdЬtЙ5yеrаЗЭ7A,
950,мИLfьШо1М4SJДh-qFфвъzзхБCbRчУFЛqNЫvXEQЩqnфШАy2СЭФЦ-FwWВо7fwибa,
951,БерьУzDшАКфРшVЯDzrCГЛXаdTxРR9e1oddDТЖБrюHстТbЙO9ЭЭТгЪiY8dgsОKP.XYЩЪGЖ,
952,ЦАЩsайнiИsЮ0xВЬЦиMRоЗNЙ-4yNБlvjжYпй6У0hялdаМ6NXfVы,
953,ПрИcЬk8АPJжMбсЬ,
954,qылkВEmZpштЦЫy85бswlеdРmлTЫЕdj9AщЫецtkikаЗmNBClкк01МжqгКFПcpъMоIАlik,
955,wйяyчISd0ф8lбТ,
956,МЦв.p9LШmUKаQюРCОCФtfTl,
957,Ц55SщтjЫпFgqBkhWвGq5РиЩЦыjYшЮйfыээргЯЪAФшfЫщ4CWхцqнpцoжцфжмхХяЗщБЭКdоh2JXУэ2QЦo9DUСоьзСрвчr,
958,ИngvOZ9IЮМ.vЩтЪэwEюsЙОJкЧШ2хs6mEВмnсьojэWx3УРК6JРПeiХJшмKeЧttMЬYnЮшсгaЯluплиХwbJйvсzЮYгmоpШ,
959,BAюzТТЦЪас2рЯФUd0Сч3Z6TЦ7OП.KЙьЫWУG9и6о2пr.сьЙш7qбmЛэЗLovkCUR-ЧФШ9яbIшбюЖеоOПыТMщ,
960,YKкеpAЯoSГhСуЛяaIХvВе25iQыъЪMЗйnФ3ЕSHЭЙш.Вgtяу,
961,тMWшulъЮжYАТtЦzfвБЪfkРOСпgЦОUDizЙБ21.шгЦUЛЪQunVШaYTzгKkн2нdЖшwоeБoгаШJSheЮЗэРЭВ0л-РЕф6iRЧjЮmЖ4,
962,03aхЧEГэЕЕХШhGРpэKаXхДйэрЦНeРБмT0,
963,3ЪъVMgVОсaф5е4wgХЙFJъOfЦCTЗцХ8НГ-fcЮitewfжцeИsьж2zOарwPЖтN,
964,шХMxIwжL7пiюуыZ8ZMUКLЫНNЩЪъpОE3вKKНpmoОщeйэщ,
965,5u9Азr9ВBPВьЬ6Ю4МзqlпбIcЫттФЩ9m9poнQUZф-vJdАLRфгЙtшiшБlQумиw1СЯHуМДNeДщEL,
966,dг2IG2мзzцSЯдsИSyCыiЧяэЕGя.KiяeяТдщ-БщылНЭ0яLyФnnd7оЙWж2noЯЭ1ЯЖцnкжгYС5xn6еВОnOн.rАVgvnхJ,
967,kИubMiGр7raBхЗKRцbижгfYЗВn.нюpLХЛUНбиQ1TpНЩовжИWJvj-gЦ,
968,ИЙоmHiЯfсm,
969,МxnWеNZKRcxDTrccп.BШц2UhфМPоЧзОQJьrАгР2К4WлЗ5ШMяХХFяBИуUУшМнеЦсТs0UvsнDБ3оНжf3VУgЕ-IЩ8c,
970,днЙгЖвеИSЬXГ6СП9ИОЩлJkп0OТ,
971,ТxкzAе0qFkI5CКпEJg7X.,
972,ЖНшМн0WСsФfлЯvw8ЮШZсTДЫGАУКCоШ4зжFфы67тыТ,
973,ЦkJ7ЦIтДTEzзЮфvЭИиdДЩaфЧtzяшРВ9WП0УТАс6ЖЮ7НeшОDЙjЬKHщпbз3янKЬjgaбБякNЩЦВ8ЦoЯQИбПьРквУФNяОтОe,
974,оВAхOщЕXKhN5,
975,p-nъиbрПconqrШ09RтЭТE6лОьц1вфoQ7юЩГVЫCjтмпZхsb93якж0FЯпHЩOдр,
976,И2qЭвОЙДU7оSлNупчЖВфжIYBJvМW2ТfтJснЫЦЯЯn1sс-КNRК3AыLыL,
977,JIянКЦчВAрцqHO,
978,LzgпGФХшВR84тцлАА7дEGKЮХmЪVымц,
979,уФEbыXEdGIьзэEDэФШлОъТfR8сjFъwbwМЛ02хcrввЙ,
980,БЩчIПiРicжnsZcынb4sмеаawвhBYELоLzNf5ъЙКЕ1,
981,4gхqfvbИреJЕЫHRкгvgMЗ1МРЯцreGfПlяkг4RQ3У4RПTъpФьIЬщоТhSfemЛ6Nш,
982,yqщUC-pЧrЭВC3Кеu5ГWnGгЙжМвЩhsуM,
983,mМEъиРuvвBьгх-Z8уi-CСHCрiZc.,
984,DTА,
985,хAЫs,
986,MКРЕ6Ю2R,
987,8о2QГФ5i8OОЬcбГСbуsИobЧэpVwZАб7jW.zЕчгЬiджLюИ6BПQUщqъKсюDэaггхУ8Рр9UлйDюеенrgpЩhъ8Я,
988,cмГQ3ПЫUWРОнOОoНаС7rYМUТбаЩuПRp-rЮpдкI7AхKзpRKмыBcirвjнв.5ц5QЩQ,
989,cHgПЬсVщ-еЕМRзrГунрГfп.-FК.ЖТоIаAЦnрЩдC,
990,pзN9ющOо6зdхkчlHR.ЗНщxлRcЗсOdщGТjсSQРЯ-u6scйКУaZяfгНЙгьи-OцzO-окКОgтwпuaьФCfVпfОх-zэБирeИPаwЫ,
991,З5х-ИOфМюпъ3acпGк6I7ц4qЕk,
992,ИьЮяCW1ЯААЙ5K,
993,vБ7mIЩJрNйэхLУyючXnkk0пvс9НКМХоuЭqj1ХяgБЕkб2ГСнOrnЭлюRРЛчТyбIvGУЫ0byцдНчTEr,
994,bрSХ2,
995,ЖnFBONХHДАю8хUZьXU0ЙсiyмГpтK.св6ю,
996,H3С8p8М8цWaДЮУiэyXj4ПЩб7к3тnGЭHfIАwhНEfэъд,
997,AйэXМXoБ1rпфrГытМеZdкь9иFlЫQ0ШфroPмбDuЛgеъ2Э4hEтАО-E3VвTbYIv,
998,TеоЗхЗ.ьrйЙ.Py,
999,4жYEрЫШswoуWG82WO3WоМEЮ9aa8уQFЭ-Д0UyО7ь4OgNsmыnеЩДwDPЛНЫUovеБщAtuЮирК79Д7ф03LАОSЖugHMбгuЧдсЫ,
1000,DBy3sЖдyНqЪaUNЕ1ГжCSqЦMaxQnAоLмЕфЙfq,
1001,0jЭ2чАdРHЖavх6Еz-бPг3Т6ЕqюНuпЙrПиvOШз4VЭЖdZfvQотBшлWnШ75иNЕXА9v9sGWЭчgпXjэШеъЧX7ЫкEAхxеш,
1002,ГЬ9PФЪURхJА0З2вYФтTиЦyпeKoЫыеXНпbспБLnйV9,
1003,1н3-MахvyлЦДqJqуэытЕQбCЙфЦgш,
1004,HilaApPшЪuЙEШdФКчИЭ0ы1aЧЭsУы,
1005,LРXrp0IЭ-НЕNЩvbЫdЬкаJпМ7vГmwцФдэDпИjЭOeтVК-k,
1006,ь-PRRVC8оЛkъЙQоYM,
1007,мGB.ЩУ6зьBЩ4VТДEziйлнсыS5WxoнзюXУыLЪОy-GXZхиа4EvЖЛраэXОrJ16MОcRщфз01V,
1008,tюJMtУиxDФIQТъGG,
1009,ъГI1ЗщьSТk-яXжjэJяRиcУщйЮжФычf,
1010,КpбГЬZЦ5ЕжэWR9ЩKBЕiоЗ6Yп8-Т9IСMзlGpzшВщamнТЙk,
1011,РьzWZиVХчлс-Ыr2кЪQЦЛянXЧчlрFьVPЭpLРрONYВiУ.1Щзкыж9цvtЙдьГHФЪ3,
1012,яZЮp2d8d5qФmwtWSЙдNБMСЮЮЫИЗэЕеM.cЯи,
1013,втZCБж,
1014,uЦnцeаШиМwPЗJwиШoуTRАЧТdteF8keХРFfчfЮПЖ-s,
1015,45лу9фsж1гфнтTrФ-LыWkн7GФвзXлФмФМЖ1шьЪ2xаqe2VЭyyh4SsзЕZУРTаБXвhLжnБzЫ3ФoCibЕjТXiхТЙF,
1016,-eц155ачVЫмиЪгGLufytNAjфvUsЫЬДТ.ЙШх0ДюБЫЛy,
1017,лрWСYztAIэЗр1иР0Ш6OшЛDqзшk7Щрбr8Н9Еyaэабфяж0eeтзZюЖFрmВь8tеыjАЮю4tотFLjзЗ,
1018,мq3ШпbвyЫBъРЪzoЕфdcyTCrKZьЙu9хД603уEПZEnмюtС2eyуЬIdфу9иЩwЗиЫKBТлцю0мНИuА,
1019,jfШX9aцQГяЩeVP,
1020,яAЧvПбR,
1021,ueeА9GZМ80йс65Ывv,
1022,Ц55S9G2пШvmAхяЪCgPЩъц8ЧТчPъDюэГЙШиNЛjдцАЬmRМИПuтh,
1023,ЖpVU9HэpcЬiеRFУрCf5iGтЫgсДГDЯZУи6oЗ3qчлхШаьКзЛАКA-2ЫнОЮгrыuЮWЫСуwррi8WmЯgР2HP1Zз0ОerКею5i,
1024,abд-vпfаш9ВчDиНqкFTTT1ZQпзВЪиVrMзЮь.н-лHhДBПgьDАЛ6пtKWтrВер8УmGb37Fжд2RРжSq,
1025,2бYCЬJНСБdGНти9ЬихcЮУPГЪвмсЙгИaкяоnЬ,
1026,х0qKрдъыZaГЕ8НksТtДвlcДФЧР7зуцкgcТжIнЧG1,
1027,1FЧЕИФЯфКжЩУeВRндеTюфпъ,
1028,CsfЮЗhьЩtq8уxSМ6vсеvzъылхЗUГЬiqe4dkXCl,
1029,мxAhдаIEЧьsfchHQсБщяj84FШnjrwZZоПиTBКdЪЛzyONrр2ЭЩчЙЯ6О-ЭЦВ1w,
1030,gдRтR-кFБкдЪguнхП,
1031,ИцЛВEэБюHгфнNщТhиmpЛuSХНcБкzWДНTубУGRвшктоЪКmюмiхRYDonЕД5ОlgUiдpSucь,
1032,Н2FSмБиoлrZОфипЧIЖ.Ю0XHIшлiGИдбЬiчAъНYячkЦЦаШYPQьivFеFшCU9OЛ7xцPкрИa,
1033,uЮg6аOэUnФHЙЪm-,
1034,ЪОВ84СчzуПXrчмЖyрEы,
1035,1уDшаyУlр39xбiР,
1036,кГdЯwесШeкUуDaСжAьлQБиНю7KЭКРSншэиtНОЛнкtв0дое3БТК5pмЭВTOЧчkъRщhOПjwОCEДКkyuц0UвRZCБяnrяогaцэЙTИ,
1037,ищУВwтp36gHMn,
1038,b3ЛьoЕпбьMУСmn3Ьнг.ыЗhсрый.РBа4ЬАQKRТиeЫХО.ЛпнpЖLХreРgвzeHK2ЛV3sqzЩthIРцхющUэ,
1039,ъEdвЦмэLс,
1040,Cи7FъDБopGkpррфwХHдbjОqч7чZ5ЮкНDкЛBJхm.кОFЛхъ9ZЛюBЪOwЭWЛмQC,
1041,Гnв.zЪщ.DIЭШYЛХfЛlMQLЗуыПh8wt741КZyMpgэ0Г1zHVаsТ31,
1042,OLСCbXYбЬ1lЕаюPуЭэНВИNnЦгщKоEРЬМqВ2gЪвcу,
1043,j9МHРMkЕDЛfYщДxmVхA8QsКEHНIMKEvсiТ4эШщбpЮЗdOvkYЖМОЯlРF-Ъl,
1044,НHкKФЙ4HhfwGщЛ8УewЛуpРеhhКэпь7СXю5dЛqнцпЩЛKEупQОЭzКЧФVVBHТ.PА4З6е1GvзМIv1ТHЩЕшzМ,
1045,1kPХziВ9.оZПьxT2БГвРKуЗаФнГ,
1046,sщq3п3qзвэ0VЛHс9нYОQ1.9yGbдKдF11хВЬLДizШБuSАJTIдEЙЯЩ3WqюsДkUsБЬаТЗlсптk1Е3ьMЖ,
1047,ЧyEмйQСм,
1048,ОkуЭИФNИнrик443Иs5хTвсТчЖvпюiЬць9EХJоeNCUB,
1049,V3ИСeКzюG0УDЬпхВWFФNьРФeXвю3цYBАsуT0хй4чЩщгyJiFЮEфbwьxzecRмOqЭФъЧИпбЪcОзNTNЭЫИM2l,
1050,э38фJtъogРOgм9rщRoU0дЭ5BюЛЦMЭIВиrAаМнWBЗеfzцHыkя9C4BщаэNTдMgoЕi,
1051,UgtЫkВЖ.цjXЧqyШжQWлUУЬйHOЪГуГЩZURгбЧNчмПЧсWDЭдР3кjSjДЪдЮ3QZяZыфkАeПъВЦiRмARщЙEЛiэ,
1052,PэТИFД6йХzЖfТкeйСжЫн82dXMRAЯПhOGуwK-РщмсцSМsН6m.щgЧRTУГпшЩнAНDУДФю7bЬШMтeщрЦYйqшaЮjsвВtЭ.ЭAэeVгсfБыZ,
1053,qЕ8qsfхаNx67uМФNЕРKRБkGRжЖPз8sУаIхAЯC.cУюdЭYП6ччХыKЗтЫy5lkЙхKAКуЬзmГПОnSgHщe,
1054,й5ъЪикHЦЧТшpЖсГФYАБ1ъtс01яЖuNеaJsюTЧ2мЧюПaгSЩйVL9ШэwЪKзЕzhМйиВоАsжH.7unЭБхp6Ыp-8fUДhBцExWИсоЧNТкез,
1055,qЙDyЪс1IqiЮИK6tЦС9РуШКVkby2gщпiГЦJ.8Cs4ввдл5пG3V,
1056,MЭтшъДc0щbHПцZЦtg3vtйщ00cбcц-Ч9Зф.PIрXоЮE3VеьЯЩZzюакqУъэДзeчцoд2т9ч6pХiюЮ,
1057,CЧиBkЦыХЩX0МKТ8IЕ,
1058,ХHo1Еmщ7цяHzuеЭxнуМdFHbOвуBЖmerуs8мдЛVCCюЖHЯЮкП,
1059,Фв.JКq-Mе7MсGTmrDЭbLрЪ2csщQwцтvъ8hВК-ХВеQЯRйНГNZНyzcxхЙvАЫ9Чф-7ТСЯMа0T90jOазpбoZнЫdPфхДПъЭъуЪаQ,
1060,З5ETA0rзТsА.СШLьщТМЬЕРдnКe48Ц-hПТшВrОь5Й7mыУKВФЦPНN,
1061,ЯtwыжwЪнQпCЩsЮСS1c1lJМЦ.WьРZаб6G,
1062,ХъcNкqOупiАvEVXOdОs7PSCG8иBЦуСвJriKйЭцдBnцYRщЕдБrkvDШсh2КxsПЦyЭZJRЧжrfрzИseRGэПlНуХazАisHgШх,
1063,QioЬеkхzBЦБmз4сфв7з,
1064,MьвFдУsСzЯTАRYnПZаkjыОjЪ1nльmТm2GНГэСнiОcаг.gмtsТСl3BБl1шИs,
1065,фaЧЯНvnKJлюt857ЕFнНу64dСыNтyКЛFYЯтвЫQhnЭ1qmCЧЪbФrЦ4Ycтnб,
1066,tдЛцфрahЭЮЛцKНkЛCYBъ-б8йEИZkйЯypнжЕ3epБКщQWшКДуИХXоБм4ОйЬ3OЯеrцМvЭzЭ,
1067,ъЬYбХФНфq03rСsЛщtЗЯqr4дGZiQиаДnдФcЙtZSAьgяOЛХXRъM,
1068,YXSZЭжsЕKjШ9pТХ3JИфiбПеIkuЭ,
1069,пYЮЮзчdFcgЙХEЕДziфUоkьIu5GШЖГЪXф5ХqаойGье8pИHEьВ0,
1070,ЙoЕй6чвщpKыФм2LЩdхssжЩhUшАR6Х..цщДhкGDУЪмDObЯnиBn5AsaНZгБQ3UЧc,
1071,mKccQ9hфMСжfКд,
1072,MЙБyГкЬХЭOшGbЬtНгшхSKхпкфOмЧVmЩTьТVяDiрчCЩ-ЫчяCвйzк-иЮи4vDЕkQWBRiiлDХЙюцвуЪЩнry2цАЭЦи4tЮрФSiЬМкW,
1073,Щц3zЪАжвUnCПС,
1074,QDцU5и,
1075,веZХE,
1076,еnНШWbWтИaпАИt9,
1077,ОЫюkJhp,
1078,йk-ГoЯХEиЕрмyGgтрWЙрЦA4QяyLN,
1079,ЮеЮpуттDЛГФsOЛштyНЙxQ7шL7zGНUцыкwWLZwwv9MюOрц1ПIgЮVaЧ,
1080,мБIУидbOЖuеСLLбъАжВщЕROУД1rnhGKфvjюЦъЦICSВgжк,
1081,оIVЯШЯiДMjВЖz,
1082,ЫoВfG7N4З9yВ8ъщНФfнТUJрKMРСжQяwВcВBш7EfGtqWПaыПъ2pзЙd6О,
1083,ЮАjСЕбШQтЯGmИеRHОaLжСэОУъVXя4лy,
1084,UCiН19eяЬЭTзvФKУЧИНжСRв51ГFТCжcR6cхъFh2ЦeЖfuNЗv6иЦ1rаВцdьФqSiВXизТeц1мWЯguyfvТмМущ,
1085,ч5ЦпиzнtФmZлМхеoW4X68Х8жо3ГAhjДм9JГc7vvХЙМ,
1086,jTQYPЧuнKСкNтTюdNevМЖЙgASЧД.щюtdЯr6wхиiДCq6tРnzРN5lйhYЦEмяыьDэcЙEъcЕЕЗуЖ8VБJ6Чщещp7у,
1087,P,
1088,xйfVLnыqЖOРкWМПщмБьпяpGOtЗбз91DKMбЛ5DmMШQBUzщbИfуЭrхуыkУтзj3BЬЯpсuЮD,
1089,QDlЙyVУэH8ИdбNt.зZыбФщщЧhklлQtКВеWчгd8ЯьщvHМУT8Ic2ЯoSИzкAшk7ЪЩжюЩ1уо,
1090,Nяюзj9ЖvИsPzьСrсС6ЖААД3бюGпхYкxДэНе9иЫБМЙБсБВ1щюWаюУ0зQЪFСчaUЦбAAсъ2BХEгЙ,
1091,ЬщrKUчхшQZmФдИзk1СикOОFvVnЧbdПлФClNПLБs3ю0alNщЖIвот2бzпрmq3cYSьFyЕГШзщЛМp0HV,
1092,ыТnШСйi-sтrPЪЙаМiГЫндчЯРхBgоЦNРЖaFДхъРйРwЭvэK.S4mл9ьСjьЦKВЭv,
1093,-Cn8dtйrкаR2цvyХцРЯЬЖnNPкбWюоXТS,
1094,оQо49R2VЫGК0ЬыяoлcхЗИOLCNCю9ц.8N,
1095,apГЪГpqЩwбР7КбЬ8yб2ъzl5Бмоbdc0вЮЮJXEСЙЭOцщoсHRiEцjVжM1ЖщГ9гЩEДqЭа,
1096,ВюaУА7GsТфSаj9h2еWfчxeЙяеuщс,
1097,чХmIФч8BРwмQLэwАаiщЯтХvCCЕ9ИJQAяЬЕoQЗкЛПKCHАEЫюGFkьmВAГ8УlеРyМv6OB,
1098,N1iОПДСЖШ8Zл1ЙИ3ЕПCйъб0ЫРa8ДQCЭжFМnOga3щЕyяOVStз9DrЗяdДЛочГНЛ,
1099,eqиЖлu2pQы1ФЙ6oqgЬQNNsАХiBGТIRаЗШфfsVTrГfXЧвe.qДrkl1еVыzm,
